file,line,type,commit,author,date,time,timezone,datetime,depth,length
style.css,1,css,3cef71c5,NyxNmE,2025-01-24,18:47:00,-08:00,2025-01-24T18:47:00-08:00,0,6
style.css,2,css,c0498bf9,NyxNmE,2025-01-31,22:31:22,-08:00,2025-01-31T22:31:22-08:00,0,32
style.css,3,css,05583e4b,NyxNmE,2025-01-26,20:59:29,-08:00,2025-01-26T20:59:29-08:00,0,24
style.css,4,css,dac6e733,NyxNmE,2025-01-26,16:16:31,-08:00,2025-01-26T16:16:31-08:00,0,0
style.css,5,css,dac6e733,NyxNmE,2025-01-26,16:16:31,-08:00,2025-01-26T16:16:31-08:00,0,0
style.css,6,css,dac6e733,NyxNmE,2025-01-26,16:16:31,-08:00,2025-01-26T16:16:31-08:00,0,5
style.css,7,css,77b1dfe8,NyxNmE,2025-01-24,13:26:12,-08:00,2025-01-24T13:26:12-08:00,0,24
style.css,8,css,2f410573,NyxNmE,2025-01-31,22:40:30,-08:00,2025-01-31T22:40:30-08:00,0,16
style.css,9,css,3cef71c5,NyxNmE,2025-01-24,18:47:00,-08:00,2025-01-24T18:47:00-08:00,0,9
style.css,10,css,3cef71c5,NyxNmE,2025-01-24,18:47:00,-08:00,2025-01-24T18:47:00-08:00,0,10
style.css,11,css,04f3fe09,NyxNmE,2025-01-26,16:59:34,-08:00,2025-01-26T16:59:34-08:00,0,24
style.css,12,css,04f3fe09,NyxNmE,2025-01-26,16:59:34,-08:00,2025-01-26T16:59:34-08:00,0,17
style.css,13,css,dac6e733,NyxNmE,2025-01-26,16:16:31,-08:00,2025-01-26T16:16:31-08:00,0,0
style.css,14,css,dac6e733,NyxNmE,2025-01-26,16:16:31,-08:00,2025-01-26T16:16:31-08:00,0,0
style.css,15,css,28701042,NyxNmE,2025-02-06,20:25:10,-08:00,2025-02-06T20:25:10-08:00,0,4
style.css,16,css,28701042,NyxNmE,2025-02-06,20:25:10,-08:00,2025-02-06T20:25:10-08:00,0,12
style.css,17,css,28701042,NyxNmE,2025-02-06,20:25:10,-08:00,2025-02-06T20:25:10-08:00,0,12
style.css,18,css,28701042,NyxNmE,2025-02-06,20:25:10,-08:00,2025-02-06T20:25:10-08:00,0,14
style.css,19,css,28701042,NyxNmE,2025-02-06,20:25:10,-08:00,2025-02-06T20:25:10-08:00,0,14
style.css,20,css,28701042,NyxNmE,2025-02-06,20:25:10,-08:00,2025-02-06T20:25:10-08:00,0,19
style.css,21,css,28701042,NyxNmE,2025-02-06,20:25:10,-08:00,2025-02-06T20:25:10-08:00,0,0
style.css,22,css,28701042,NyxNmE,2025-02-06,20:25:10,-08:00,2025-02-06T20:25:10-08:00,0,0
style.css,23,css,ba2c3a40,NyxNmE,2025-02-06,00:47:22,-08:00,2025-02-06T00:47:22-08:00,0,4
style.css,24,css,ba2c3a40,NyxNmE,2025-02-06,00:47:22,-08:00,2025-02-06T00:47:22-08:00,0,13
style.css,25,css,ba2c3a40,NyxNmE,2025-02-06,00:47:22,-08:00,2025-02-06T00:47:22-08:00,0,23
style.css,26,css,ba2c3a40,NyxNmE,2025-02-06,00:47:22,-08:00,2025-02-06T00:47:22-08:00,0,19
style.css,27,css,ba2c3a40,NyxNmE,2025-02-06,00:47:22,-08:00,2025-02-06T00:47:22-08:00,0,8
style.css,28,css,ba2c3a40,NyxNmE,2025-02-06,00:47:22,-08:00,2025-02-06T00:47:22-08:00,0,14
style.css,29,css,ba2c3a40,NyxNmE,2025-02-06,00:47:22,-08:00,2025-02-06T00:47:22-08:00,0,73
style.css,30,css,ba2c3a40,NyxNmE,2025-02-06,00:47:22,-08:00,2025-02-06T00:47:22-08:00,0,24
style.css,31,css,ba2c3a40,NyxNmE,2025-02-06,00:47:22,-08:00,2025-02-06T00:47:22-08:00,0,11
style.css,32,css,ba2c3a40,NyxNmE,2025-02-06,00:47:22,-08:00,2025-02-06T00:47:22-08:00,0,0
style.css,33,css,ba2c3a40,NyxNmE,2025-02-06,00:47:22,-08:00,2025-02-06T00:47:22-08:00,0,0
style.css,34,css,ba2c3a40,NyxNmE,2025-02-06,00:47:22,-08:00,2025-02-06T00:47:22-08:00,0,6
style.css,35,css,ba2c3a40,NyxNmE,2025-02-06,00:47:22,-08:00,2025-02-06T00:47:22-08:00,0,21
style.css,36,css,ba2c3a40,NyxNmE,2025-02-06,00:47:22,-08:00,2025-02-06T00:47:22-08:00,0,17
style.css,37,css,ba2c3a40,NyxNmE,2025-02-06,00:47:22,-08:00,2025-02-06T00:47:22-08:00,0,17
style.css,38,css,ba2c3a40,NyxNmE,2025-02-06,00:47:22,-08:00,2025-02-06T00:47:22-08:00,0,12
style.css,39,css,ba2c3a40,NyxNmE,2025-02-06,00:47:22,-08:00,2025-02-06T00:47:22-08:00,0,25
style.css,40,css,82b1d48e,NyxNmE,2025-02-06,18:06:51,-08:00,2025-02-06T18:06:51-08:00,0,7
style.css,41,css,82b1d48e,NyxNmE,2025-02-06,18:06:51,-08:00,2025-02-06T18:06:51-08:00,0,18
style.css,42,css,ba2c3a40,NyxNmE,2025-02-06,00:47:22,-08:00,2025-02-06T00:47:22-08:00,0,0
style.css,43,css,ba2c3a40,NyxNmE,2025-02-06,00:47:22,-08:00,2025-02-06T00:47:22-08:00,0,0
style.css,44,css,ba2c3a40,NyxNmE,2025-02-06,00:47:22,-08:00,2025-02-06T00:47:22-08:00,0,12
style.css,45,css,ba2c3a40,NyxNmE,2025-02-06,00:47:22,-08:00,2025-02-06T00:47:22-08:00,0,70
style.css,46,css,ba2c3a40,NyxNmE,2025-02-06,00:47:22,-08:00,2025-02-06T00:47:22-08:00,0,17
style.css,47,css,ba2c3a40,NyxNmE,2025-02-06,00:47:22,-08:00,2025-02-06T00:47:22-08:00,0,0
style.css,48,css,ba2c3a40,NyxNmE,2025-02-06,00:47:22,-08:00,2025-02-06T00:47:22-08:00,0,0
style.css,49,css,ba2c3a40,NyxNmE,2025-02-06,00:47:22,-08:00,2025-02-06T00:47:22-08:00,0,14
style.css,50,css,ba2c3a40,NyxNmE,2025-02-06,00:47:22,-08:00,2025-02-06T00:47:22-08:00,0,17
style.css,51,css,ba2c3a40,NyxNmE,2025-02-06,00:47:22,-08:00,2025-02-06T00:47:22-08:00,0,18
style.css,52,css,ba2c3a40,NyxNmE,2025-02-06,00:47:22,-08:00,2025-02-06T00:47:22-08:00,0,26
style.css,53,css,ba2c3a40,NyxNmE,2025-02-06,00:47:22,-08:00,2025-02-06T00:47:22-08:00,0,0
style.css,54,css,ba2c3a40,NyxNmE,2025-02-06,00:47:22,-08:00,2025-02-06T00:47:22-08:00,0,0
style.css,55,css,ba2c3a40,NyxNmE,2025-02-06,00:47:22,-08:00,2025-02-06T00:47:22-08:00,0,21
style.css,56,css,ba2c3a40,NyxNmE,2025-02-06,00:47:22,-08:00,2025-02-06T00:47:22-08:00,0,11
style.css,57,css,ba2c3a40,NyxNmE,2025-02-06,00:47:22,-08:00,2025-02-06T00:47:22-08:00,0,14
style.css,58,css,ba2c3a40,NyxNmE,2025-02-06,00:47:22,-08:00,2025-02-06T00:47:22-08:00,0,11
style.css,59,css,ba2c3a40,NyxNmE,2025-02-06,00:47:22,-08:00,2025-02-06T00:47:22-08:00,0,11
style.css,60,css,ba2c3a40,NyxNmE,2025-02-06,00:47:22,-08:00,2025-02-06T00:47:22-08:00,0,37
style.css,61,css,ba2c3a40,NyxNmE,2025-02-06,00:47:22,-08:00,2025-02-06T00:47:22-08:00,0,18
style.css,62,css,ba2c3a40,NyxNmE,2025-02-06,00:47:22,-08:00,2025-02-06T00:47:22-08:00,0,12
style.css,63,css,ba2c3a40,NyxNmE,2025-02-06,00:47:22,-08:00,2025-02-06T00:47:22-08:00,0,7
style.css,64,css,ba2c3a40,NyxNmE,2025-02-06,00:47:22,-08:00,2025-02-06T00:47:22-08:00,0,0
style.css,65,css,ba2c3a40,NyxNmE,2025-02-06,00:47:22,-08:00,2025-02-06T00:47:22-08:00,0,0
style.css,66,css,82b1d48e,NyxNmE,2025-02-06,18:06:51,-08:00,2025-02-06T18:06:51-08:00,0,14
style.css,67,css,82b1d48e,NyxNmE,2025-02-06,18:06:51,-08:00,2025-02-06T18:06:51-08:00,0,17
style.css,68,css,82b1d48e,NyxNmE,2025-02-06,18:06:51,-08:00,2025-02-06T18:06:51-08:00,0,24
style.css,69,css,82b1d48e,NyxNmE,2025-02-06,18:06:51,-08:00,2025-02-06T18:06:51-08:00,0,17
style.css,70,css,82b1d48e,NyxNmE,2025-02-06,18:06:51,-08:00,2025-02-06T18:06:51-08:00,0,14
style.css,71,css,82b1d48e,NyxNmE,2025-02-06,18:06:51,-08:00,2025-02-06T18:06:51-08:00,0,18
style.css,72,css,82b1d48e,NyxNmE,2025-02-06,18:06:51,-08:00,2025-02-06T18:06:51-08:00,0,17
style.css,73,css,82b1d48e,NyxNmE,2025-02-06,18:06:51,-08:00,2025-02-06T18:06:51-08:00,0,0
style.css,74,css,82b1d48e,NyxNmE,2025-02-06,18:06:51,-08:00,2025-02-06T18:06:51-08:00,0,0
style.css,75,css,82b1d48e,NyxNmE,2025-02-06,18:06:51,-08:00,2025-02-06T18:06:51-08:00,0,21
style.css,76,css,82b1d48e,NyxNmE,2025-02-06,18:06:51,-08:00,2025-02-06T18:06:51-08:00,0,24
style.css,77,css,82b1d48e,NyxNmE,2025-02-06,18:06:51,-08:00,2025-02-06T18:06:51-08:00,0,17
style.css,78,css,82b1d48e,NyxNmE,2025-02-06,18:06:51,-08:00,2025-02-06T18:06:51-08:00,0,66
style.css,79,css,82b1d48e,NyxNmE,2025-02-06,18:06:51,-08:00,2025-02-06T18:06:51-08:00,0,15
style.css,80,css,82b1d48e,NyxNmE,2025-02-06,18:06:51,-08:00,2025-02-06T18:06:51-08:00,0,18
style.css,81,css,82b1d48e,NyxNmE,2025-02-06,18:06:51,-08:00,2025-02-06T18:06:51-08:00,0,0
style.css,82,css,82b1d48e,NyxNmE,2025-02-06,18:06:51,-08:00,2025-02-06T18:06:51-08:00,0,0
style.css,83,css,2dd88edc,NyxNmE,2025-02-06,18:32:05,-08:00,2025-02-06T18:32:05-08:00,0,5
style.css,84,css,28701042,NyxNmE,2025-02-06,20:25:10,-08:00,2025-02-06T20:25:10-08:00,0,13
style.css,85,css,28701042,NyxNmE,2025-02-06,20:25:10,-08:00,2025-02-06T20:25:10-08:00,0,31
style.css,86,css,28701042,NyxNmE,2025-02-06,20:25:10,-08:00,2025-02-06T20:25:10-08:00,0,8
style.css,87,css,28701042,NyxNmE,2025-02-06,20:25:10,-08:00,2025-02-06T20:25:10-08:00,0,16
style.css,88,css,28701042,NyxNmE,2025-02-06,20:25:10,-08:00,2025-02-06T20:25:10-08:00,0,16
style.css,89,css,28701042,NyxNmE,2025-02-06,20:25:10,-08:00,2025-02-06T20:25:10-08:00,0,12
style.css,90,css,28701042,NyxNmE,2025-02-06,20:25:10,-08:00,2025-02-06T20:25:10-08:00,0,24
style.css,91,css,b3c10228,NyxNmE,2025-02-06,19:16:08,-08:00,2025-02-06T19:16:08-08:00,0,17
style.css,92,css,28701042,NyxNmE,2025-02-06,20:25:10,-08:00,2025-02-06T20:25:10-08:00,0,18
style.css,93,css,b3c10228,NyxNmE,2025-02-06,19:16:08,-08:00,2025-02-06T19:16:08-08:00,0,0
style.css,94,css,28701042,NyxNmE,2025-02-06,20:25:10,-08:00,2025-02-06T20:25:10-08:00,0,0
style.css,95,css,28701042,NyxNmE,2025-02-06,20:25:10,-08:00,2025-02-06T20:25:10-08:00,0,11
style.css,96,css,28701042,NyxNmE,2025-02-06,20:25:10,-08:00,2025-02-06T20:25:10-08:00,0,17
style.css,97,css,28701042,NyxNmE,2025-02-06,20:25:10,-08:00,2025-02-06T20:25:10-08:00,0,17
style.css,98,css,b3c10228,NyxNmE,2025-02-06,19:16:08,-08:00,2025-02-06T19:16:08-08:00,0,0
style.css,99,css,28701042,NyxNmE,2025-02-06,20:25:10,-08:00,2025-02-06T20:25:10-08:00,0,0
style.css,100,css,28701042,NyxNmE,2025-02-06,20:25:10,-08:00,2025-02-06T20:25:10-08:00,0,26
style.css,101,css,28701042,NyxNmE,2025-02-06,20:25:10,-08:00,2025-02-06T20:25:10-08:00,0,11
style.css,102,css,28701042,NyxNmE,2025-02-06,20:25:10,-08:00,2025-02-06T20:25:10-08:00,0,22
style.css,103,css,28701042,NyxNmE,2025-02-06,20:25:10,-08:00,2025-02-06T20:25:10-08:00,0,14
style.css,104,css,28701042,NyxNmE,2025-02-06,20:25:10,-08:00,2025-02-06T20:25:10-08:00,0,61
style.css,105,css,b3c10228,NyxNmE,2025-02-06,19:16:08,-08:00,2025-02-06T19:16:08-08:00,0,17
style.css,106,css,28701042,NyxNmE,2025-02-06,20:25:10,-08:00,2025-02-06T20:25:10-08:00,0,66
style.css,107,css,b3c10228,NyxNmE,2025-02-06,19:16:08,-08:00,2025-02-06T19:16:08-08:00,0,0
style.css,108,css,28701042,NyxNmE,2025-02-06,20:25:10,-08:00,2025-02-06T20:25:10-08:00,0,0
style.css,109,css,28701042,NyxNmE,2025-02-06,20:25:10,-08:00,2025-02-06T20:25:10-08:00,0,12
style.css,110,css,28701042,NyxNmE,2025-02-06,20:25:10,-08:00,2025-02-06T20:25:10-08:00,0,19
style.css,111,css,28701042,NyxNmE,2025-02-06,20:25:10,-08:00,2025-02-06T20:25:10-08:00,0,19
style.css,112,css,28701042,NyxNmE,2025-02-06,20:25:10,-08:00,2025-02-06T20:25:10-08:00,0,18
style.css,113,css,28701042,NyxNmE,2025-02-06,20:25:10,-08:00,2025-02-06T20:25:10-08:00,0,70
style.css,114,css,28701042,NyxNmE,2025-02-06,20:25:10,-08:00,2025-02-06T20:25:10-08:00,0,17
style.css,115,css,b3c10228,NyxNmE,2025-02-06,19:16:08,-08:00,2025-02-06T19:16:08-08:00,0,0
style.css,116,css,28701042,NyxNmE,2025-02-06,20:25:10,-08:00,2025-02-06T20:25:10-08:00,0,0
style.css,117,css,28701042,NyxNmE,2025-02-06,20:25:10,-08:00,2025-02-06T20:25:10-08:00,0,10
style.css,118,css,28701042,NyxNmE,2025-02-06,20:25:10,-08:00,2025-02-06T20:25:10-08:00,0,13
style.css,119,css,28701042,NyxNmE,2025-02-06,20:25:10,-08:00,2025-02-06T20:25:10-08:00,0,59
style.css,120,css,28701042,NyxNmE,2025-02-06,20:25:10,-08:00,2025-02-06T20:25:10-08:00,0,8
style.css,121,css,28701042,NyxNmE,2025-02-06,20:25:10,-08:00,2025-02-06T20:25:10-08:00,0,16
style.css,122,css,28701042,NyxNmE,2025-02-06,20:25:10,-08:00,2025-02-06T20:25:10-08:00,0,16
style.css,123,css,28701042,NyxNmE,2025-02-06,20:25:10,-08:00,2025-02-06T20:25:10-08:00,0,14
style.css,124,css,b3c10228,NyxNmE,2025-02-06,19:16:08,-08:00,2025-02-06T19:16:08-08:00,0,0
style.css,125,css,28701042,NyxNmE,2025-02-06,20:25:10,-08:00,2025-02-06T20:25:10-08:00,0,0
style.css,126,css,28701042,NyxNmE,2025-02-06,20:25:10,-08:00,2025-02-06T20:25:10-08:00,0,18
style.css,127,css,28701042,NyxNmE,2025-02-06,20:25:10,-08:00,2025-02-06T20:25:10-08:00,0,24
style.css,128,css,b3c10228,NyxNmE,2025-02-06,19:16:08,-08:00,2025-02-06T19:16:08-08:00,0,17
style.css,129,css,28701042,NyxNmE,2025-02-06,20:25:10,-08:00,2025-02-06T20:25:10-08:00,0,12
style.css,130,css,28701042,NyxNmE,2025-02-06,20:25:10,-08:00,2025-02-06T20:25:10-08:00,0,20
style.css,131,css,b3c10228,NyxNmE,2025-02-06,19:16:08,-08:00,2025-02-06T19:16:08-08:00,0,0
style.css,132,css,28701042,NyxNmE,2025-02-06,20:25:10,-08:00,2025-02-06T20:25:10-08:00,0,0
style.css,133,css,28701042,NyxNmE,2025-02-06,20:25:10,-08:00,2025-02-06T20:25:10-08:00,0,22
style.css,134,css,28701042,NyxNmE,2025-02-06,20:25:10,-08:00,2025-02-06T20:25:10-08:00,0,11
style.css,135,css,28701042,NyxNmE,2025-02-06,20:25:10,-08:00,2025-02-06T20:25:10-08:00,0,12
style.css,136,css,28701042,NyxNmE,2025-02-06,20:25:10,-08:00,2025-02-06T20:25:10-08:00,0,14
style.css,137,css,28701042,NyxNmE,2025-02-06,20:25:10,-08:00,2025-02-06T20:25:10-08:00,0,13
style.css,138,css,28701042,NyxNmE,2025-02-06,20:25:10,-08:00,2025-02-06T20:25:10-08:00,0,0
style.css,139,css,28701042,NyxNmE,2025-02-06,20:25:10,-08:00,2025-02-06T20:25:10-08:00,0,0
style.css,140,css,28701042,NyxNmE,2025-02-06,20:25:10,-08:00,2025-02-06T20:25:10-08:00,0,21
style.css,141,css,28701042,NyxNmE,2025-02-06,20:25:10,-08:00,2025-02-06T20:25:10-08:00,0,17
style.css,142,css,28701042,NyxNmE,2025-02-06,20:25:10,-08:00,2025-02-06T20:25:10-08:00,0,18
style.css,143,css,28701042,NyxNmE,2025-02-06,20:25:10,-08:00,2025-02-06T20:25:10-08:00,0,16
style.css,144,css,28701042,NyxNmE,2025-02-06,20:25:10,-08:00,2025-02-06T20:25:10-08:00,0,0
style.css,145,css,28701042,NyxNmE,2025-02-06,20:25:10,-08:00,2025-02-06T20:25:10-08:00,0,0
style.css,146,css,28701042,NyxNmE,2025-02-06,20:25:10,-08:00,2025-02-06T20:25:10-08:00,0,20
style.css,147,css,28701042,NyxNmE,2025-02-06,20:25:10,-08:00,2025-02-06T20:25:10-08:00,0,9
style.css,148,css,28701042,NyxNmE,2025-02-06,20:25:10,-08:00,2025-02-06T20:25:10-08:00,0,16
style.css,149,css,b3c10228,NyxNmE,2025-02-06,19:16:08,-08:00,2025-02-06T19:16:08-08:00,0,0
style.css,150,css,28701042,NyxNmE,2025-02-06,20:25:10,-08:00,2025-02-06T20:25:10-08:00,0,0
style.css,151,css,28701042,NyxNmE,2025-02-06,20:25:10,-08:00,2025-02-06T20:25:10-08:00,0,18
style.css,152,css,28701042,NyxNmE,2025-02-06,20:25:10,-08:00,2025-02-06T20:25:10-08:00,0,16
style.css,153,css,28701042,NyxNmE,2025-02-06,20:25:10,-08:00,2025-02-06T20:25:10-08:00,0,16
style.css,154,css,28701042,NyxNmE,2025-02-06,20:25:10,-08:00,2025-02-06T20:25:10-08:00,0,12
style.css,155,css,28701042,NyxNmE,2025-02-06,20:25:10,-08:00,2025-02-06T20:25:10-08:00,0,18
style.css,156,css,28701042,NyxNmE,2025-02-06,20:25:10,-08:00,2025-02-06T20:25:10-08:00,0,17
style.css,157,css,28701042,NyxNmE,2025-02-06,20:25:10,-08:00,2025-02-06T20:25:10-08:00,0,20
style.css,158,css,28701042,NyxNmE,2025-02-06,20:25:10,-08:00,2025-02-06T20:25:10-08:00,0,38
style.css,159,css,28701042,NyxNmE,2025-02-06,20:25:10,-08:00,2025-02-06T20:25:10-08:00,0,0
style.css,160,css,28701042,NyxNmE,2025-02-06,20:25:10,-08:00,2025-02-06T20:25:10-08:00,0,21
style.css,161,css,28701042,NyxNmE,2025-02-06,20:25:10,-08:00,2025-02-06T20:25:10-08:00,0,15
style.css,162,css,28701042,NyxNmE,2025-02-06,20:25:10,-08:00,2025-02-06T20:25:10-08:00,0,13
style.css,163,css,28701042,NyxNmE,2025-02-06,20:25:10,-08:00,2025-02-06T20:25:10-08:00,0,20
style.css,164,css,28701042,NyxNmE,2025-02-06,20:25:10,-08:00,2025-02-06T20:25:10-08:00,0,18
style.css,165,css,28701042,NyxNmE,2025-02-06,20:25:10,-08:00,2025-02-06T20:25:10-08:00,0,0
style.css,166,css,28701042,NyxNmE,2025-02-06,20:25:10,-08:00,2025-02-06T20:25:10-08:00,0,15
style.css,167,css,28701042,NyxNmE,2025-02-06,20:25:10,-08:00,2025-02-06T20:25:10-08:00,0,15
style.css,168,css,28701042,NyxNmE,2025-02-06,20:25:10,-08:00,2025-02-06T20:25:10-08:00,0,19
style.css,169,css,28701042,NyxNmE,2025-02-06,20:25:10,-08:00,2025-02-06T20:25:10-08:00,0,18
style.css,170,css,28701042,NyxNmE,2025-02-06,20:25:10,-08:00,2025-02-06T20:25:10-08:00,0,17
style.css,171,css,28701042,NyxNmE,2025-02-06,20:25:10,-08:00,2025-02-06T20:25:10-08:00,0,0
style.css,172,css,28701042,NyxNmE,2025-02-06,20:25:10,-08:00,2025-02-06T20:25:10-08:00,0,26
style.css,173,css,28701042,NyxNmE,2025-02-06,20:25:10,-08:00,2025-02-06T20:25:10-08:00,0,15
style.css,174,css,28701042,NyxNmE,2025-02-06,20:25:10,-08:00,2025-02-06T20:25:10-08:00,0,18
style.css,175,css,28701042,NyxNmE,2025-02-06,20:25:10,-08:00,2025-02-06T20:25:10-08:00,0,70
style.css,176,css,28701042,NyxNmE,2025-02-06,20:25:10,-08:00,2025-02-06T20:25:10-08:00,0,16
style.css,177,css,28701042,NyxNmE,2025-02-06,20:25:10,-08:00,2025-02-06T20:25:10-08:00,0,0
style.css,178,css,28701042,NyxNmE,2025-02-06,20:25:10,-08:00,2025-02-06T20:25:10-08:00,0,21
style.css,179,css,28701042,NyxNmE,2025-02-06,20:25:10,-08:00,2025-02-06T20:25:10-08:00,0,17
style.css,180,css,28701042,NyxNmE,2025-02-06,20:25:10,-08:00,2025-02-06T20:25:10-08:00,0,20
style.css,181,css,28701042,NyxNmE,2025-02-06,20:25:10,-08:00,2025-02-06T20:25:10-08:00,0,25
style.css,182,css,28701042,NyxNmE,2025-02-06,20:25:10,-08:00,2025-02-06T20:25:10-08:00,0,22
style.css,183,css,28701042,NyxNmE,2025-02-06,20:25:10,-08:00,2025-02-06T20:25:10-08:00,0,44
style.css,184,css,28701042,NyxNmE,2025-02-06,20:25:10,-08:00,2025-02-06T20:25:10-08:00,0,21
style.css,185,css,28701042,NyxNmE,2025-02-06,20:25:10,-08:00,2025-02-06T20:25:10-08:00,0,22
style.css,186,css,28701042,NyxNmE,2025-02-06,20:25:10,-08:00,2025-02-06T20:25:10-08:00,0,0
style.css,187,css,28701042,NyxNmE,2025-02-06,20:25:10,-08:00,2025-02-06T20:25:10-08:00,0,21
style.css,188,css,28701042,NyxNmE,2025-02-06,20:25:10,-08:00,2025-02-06T20:25:10-08:00,0,17
style.css,189,css,28701042,NyxNmE,2025-02-06,20:25:10,-08:00,2025-02-06T20:25:10-08:00,0,21
style.css,190,css,28701042,NyxNmE,2025-02-06,20:25:10,-08:00,2025-02-06T20:25:10-08:00,0,17
style.css,191,css,28701042,NyxNmE,2025-02-06,20:25:10,-08:00,2025-02-06T20:25:10-08:00,0,0
style.css,192,css,28701042,NyxNmE,2025-02-06,20:25:10,-08:00,2025-02-06T20:25:10-08:00,0,23
style.css,193,css,28701042,NyxNmE,2025-02-06,20:25:10,-08:00,2025-02-06T20:25:10-08:00,0,14
style.css,194,css,28701042,NyxNmE,2025-02-06,20:25:10,-08:00,2025-02-06T20:25:10-08:00,0,17
style.css,195,css,28701042,NyxNmE,2025-02-06,20:25:10,-08:00,2025-02-06T20:25:10-08:00,0,17
style.css,196,css,28701042,NyxNmE,2025-02-06,20:25:10,-08:00,2025-02-06T20:25:10-08:00,0,20
style.css,197,css,28701042,NyxNmE,2025-02-06,20:25:10,-08:00,2025-02-06T20:25:10-08:00,0,0
style.css,198,css,b3c10228,NyxNmE,2025-02-06,19:16:08,-08:00,2025-02-06T19:16:08-08:00,0,0
style.css,199,css,b3c10228,NyxNmE,2025-02-06,19:16:08,-08:00,2025-02-06T19:16:08-08:00,0,15
style.css,200,css,b3c10228,NyxNmE,2025-02-06,19:16:08,-08:00,2025-02-06T19:16:08-08:00,0,13
style.css,201,css,b3c10228,NyxNmE,2025-02-06,19:16:08,-08:00,2025-02-06T19:16:08-08:00,0,23
style.css,202,css,b3c10228,NyxNmE,2025-02-06,19:16:08,-08:00,2025-02-06T19:16:08-08:00,0,19
style.css,203,css,b3c10228,NyxNmE,2025-02-06,19:16:08,-08:00,2025-02-06T19:16:08-08:00,0,8
style.css,204,css,b3c10228,NyxNmE,2025-02-06,19:16:08,-08:00,2025-02-06T19:16:08-08:00,0,16
style.css,205,css,b3c10228,NyxNmE,2025-02-06,19:16:08,-08:00,2025-02-06T19:16:08-08:00,0,16
style.css,206,css,39073911,NyxNmE,2025-02-06,18:56:14,-08:00,2025-02-06T18:56:14-08:00,0,0
style.css,207,css,39073911,NyxNmE,2025-02-06,18:56:14,-08:00,2025-02-06T18:56:14-08:00,0,0
style.css,208,css,d996655e,NyxNmE,2025-02-06,00:33:36,-08:00,2025-02-06T00:33:36-08:00,0,19
style.css,209,css,b3c10228,NyxNmE,2025-02-06,19:16:08,-08:00,2025-02-06T19:16:08-08:00,0,15
style.css,210,css,b3c10228,NyxNmE,2025-02-06,19:16:08,-08:00,2025-02-06T19:16:08-08:00,0,17
style.css,211,css,e1bb666a,NyxNmE,2025-02-06,05:40:39,-08:00,2025-02-06T05:40:39-08:00,0,0
style.css,212,css,e1bb666a,NyxNmE,2025-02-06,05:40:39,-08:00,2025-02-06T05:40:39-08:00,0,0
style.css,213,css,826f13bc,NyxNmE,2025-02-06,07:27:52,-08:00,2025-02-06T07:27:52-08:00,0,12
style.css,214,css,b3c10228,NyxNmE,2025-02-06,19:16:08,-08:00,2025-02-06T19:16:08-08:00,0,13
style.css,215,css,b3c10228,NyxNmE,2025-02-06,19:16:08,-08:00,2025-02-06T19:16:08-08:00,0,58
style.css,216,css,b3c10228,NyxNmE,2025-02-06,19:16:08,-08:00,2025-02-06T19:16:08-08:00,0,8
style.css,217,css,b3c10228,NyxNmE,2025-02-06,19:16:08,-08:00,2025-02-06T19:16:08-08:00,0,19
style.css,218,css,b3c10228,NyxNmE,2025-02-06,19:16:08,-08:00,2025-02-06T19:16:08-08:00,0,12
style.css,219,css,b3c10228,NyxNmE,2025-02-06,19:16:08,-08:00,2025-02-06T19:16:08-08:00,0,56
style.css,220,css,b3c10228,NyxNmE,2025-02-06,19:16:08,-08:00,2025-02-06T19:16:08-08:00,0,20
style.css,221,css,b3c10228,NyxNmE,2025-02-06,19:16:08,-08:00,2025-02-06T19:16:08-08:00,0,38
style.css,222,css,b3c10228,NyxNmE,2025-02-06,19:16:08,-08:00,2025-02-06T19:16:08-08:00,0,66
style.css,223,css,b3c10228,NyxNmE,2025-02-06,19:16:08,-08:00,2025-02-06T19:16:08-08:00,0,16
style.css,224,css,ba2c3a40,NyxNmE,2025-02-06,00:47:22,-08:00,2025-02-06T00:47:22-08:00,0,0
style.css,225,css,826f13bc,NyxNmE,2025-02-06,07:27:52,-08:00,2025-02-06T07:27:52-08:00,0,0
style.css,226,css,67a73df3,NyxNmE,2025-02-06,07:56:01,-08:00,2025-02-06T07:56:01-08:00,0,15
style.css,227,css,b3c10228,NyxNmE,2025-02-06,19:16:08,-08:00,2025-02-06T19:16:08-08:00,0,13
style.css,228,css,b3c10228,NyxNmE,2025-02-06,19:16:08,-08:00,2025-02-06T19:16:08-08:00,0,19
style.css,229,css,b3c10228,NyxNmE,2025-02-06,19:16:08,-08:00,2025-02-06T19:16:08-08:00,0,10
style.css,230,css,b3c10228,NyxNmE,2025-02-06,19:16:08,-08:00,2025-02-06T19:16:08-08:00,0,15
style.css,231,css,b3c10228,NyxNmE,2025-02-06,19:16:08,-08:00,2025-02-06T19:16:08-08:00,0,14
style.css,232,css,ba2c3a40,NyxNmE,2025-02-06,00:47:22,-08:00,2025-02-06T00:47:22-08:00,0,0
style.css,233,css,826f13bc,NyxNmE,2025-02-06,07:27:52,-08:00,2025-02-06T07:27:52-08:00,0,0
style.css,234,css,67a73df3,NyxNmE,2025-02-06,07:56:01,-08:00,2025-02-06T07:56:01-08:00,0,20
style.css,235,css,b3c10228,NyxNmE,2025-02-06,19:16:08,-08:00,2025-02-06T19:16:08-08:00,0,10
style.css,236,css,b3c10228,NyxNmE,2025-02-06,19:16:08,-08:00,2025-02-06T19:16:08-08:00,0,11
style.css,237,css,b3c10228,NyxNmE,2025-02-06,19:16:08,-08:00,2025-02-06T19:16:08-08:00,0,21
style.css,238,css,b3c10228,NyxNmE,2025-02-06,19:16:08,-08:00,2025-02-06T19:16:08-08:00,0,18
style.css,239,css,28701042,NyxNmE,2025-02-06,20:25:10,-08:00,2025-02-06T20:25:10-08:00,0,0
style.css,240,css,612cd156,NyxNmE,2025-02-06,20:50:43,-08:00,2025-02-06T20:50:43-08:00,0,0
style.css,241,css,612cd156,NyxNmE,2025-02-06,20:50:43,-08:00,2025-02-06T20:50:43-08:00,0,52
style.css,242,css,612cd156,NyxNmE,2025-02-06,20:50:43,-08:00,2025-02-06T20:50:43-08:00,0,12
style.css,243,css,612cd156,NyxNmE,2025-02-06,20:50:43,-08:00,2025-02-06T20:50:43-08:00,0,0
style.css,244,css,612cd156,NyxNmE,2025-02-06,20:50:43,-08:00,2025-02-06T20:50:43-08:00,0,0
style.css,245,css,612cd156,NyxNmE,2025-02-06,20:50:43,-08:00,2025-02-06T20:50:43-08:00,0,24
style.css,246,css,612cd156,NyxNmE,2025-02-06,20:50:43,-08:00,2025-02-06T20:50:43-08:00,0,17
style.css,247,css,612cd156,NyxNmE,2025-02-06,20:50:43,-08:00,2025-02-06T20:50:43-08:00,0,15
style.css,248,css,612cd156,NyxNmE,2025-02-06,20:50:43,-08:00,2025-02-06T20:50:43-08:00,0,0
style.css,249,css,612cd156,NyxNmE,2025-02-06,20:50:43,-08:00,2025-02-06T20:50:43-08:00,0,0
style.css,250,css,612cd156,NyxNmE,2025-02-06,20:50:43,-08:00,2025-02-06T20:50:43-08:00,0,10
style.css,251,css,612cd156,NyxNmE,2025-02-06,20:50:43,-08:00,2025-02-06T20:50:43-08:00,0,36
style.css,252,css,612cd156,NyxNmE,2025-02-06,20:50:43,-08:00,2025-02-06T20:50:43-08:00,0,0
style.css,253,css,612cd156,NyxNmE,2025-02-06,20:50:43,-08:00,2025-02-06T20:50:43-08:00,0,0
style.css,254,css,612cd156,NyxNmE,2025-02-06,20:50:43,-08:00,2025-02-06T20:50:43-08:00,0,19
style.css,255,css,612cd156,NyxNmE,2025-02-06,20:50:43,-08:00,2025-02-06T20:50:43-08:00,0,18
style.css,256,css,612cd156,NyxNmE,2025-02-06,20:50:43,-08:00,2025-02-06T20:50:43-08:00,0,0
style.css,257,css,612cd156,NyxNmE,2025-02-06,20:50:43,-08:00,2025-02-06T20:50:43-08:00,0,0
style.css,258,css,612cd156,NyxNmE,2025-02-06,20:50:43,-08:00,2025-02-06T20:50:43-08:00,0,25
style.css,259,css,612cd156,NyxNmE,2025-02-06,20:50:43,-08:00,2025-02-06T20:50:43-08:00,0,30
style.css,260,css,612cd156,NyxNmE,2025-02-06,20:50:43,-08:00,2025-02-06T20:50:43-08:00,0,0
style.css,261,css,612cd156,NyxNmE,2025-02-06,20:50:43,-08:00,2025-02-06T20:50:43-08:00,0,0
index.js,1,js,3489a460,NyxNmE,2025-02-06,20:59:28,-08:00,2025-02-06T20:59:28-08:00,0,64
index.js,2,js,fed323c9,NyxNmE,2025-01-31,21:35:53,-08:00,2025-01-31T21:35:53-08:00,0,72
index.js,3,js,a0027c9b,NyxNmE,2025-01-30,18:05:52,-08:00,2025-01-30T18:05:52-08:00,0,0
index.js,4,js,a0027c9b,NyxNmE,2025-01-30,18:05:52,-08:00,2025-01-30T18:05:52-08:00,0,19
index.js,5,js,3489a460,NyxNmE,2025-02-06,20:59:28,-08:00,2025-02-06T20:59:28-08:00,0,64
index.js,6,js,3489a460,NyxNmE,2025-02-06,20:59:28,-08:00,2025-02-06T20:59:28-08:00,0,40
index.js,7,js,3489a460,NyxNmE,2025-02-06,20:59:28,-08:00,2025-02-06T20:59:28-08:00,0,35
index.js,8,js,3489a460,NyxNmE,2025-02-06,20:59:28,-08:00,2025-02-06T20:59:28-08:00,0,7
index.js,9,js,77cfcba0,NyxNmE,2025-01-31,22:59:56,-08:00,2025-01-31T22:59:56-08:00,0,43
index.js,10,js,3b462757,NyxNmE,2025-01-31,22:07:29,-08:00,2025-01-31T22:07:29-08:00,0,61
index.js,11,js,3b462757,NyxNmE,2025-01-31,22:07:29,-08:00,2025-01-31T22:07:29-08:00,0,23
index.js,12,js,3b462757,NyxNmE,2025-01-31,22:07:29,-08:00,2025-01-31T22:07:29-08:00,0,55
index.js,13,js,3b462757,NyxNmE,2025-01-31,22:07:29,-08:00,2025-01-31T22:07:29-08:00,0,0
index.js,14,js,3489a460,NyxNmE,2025-02-06,20:59:28,-08:00,2025-02-06T20:59:28-08:00,0,0
index.js,15,js,3489a460,NyxNmE,2025-02-06,20:59:28,-08:00,2025-02-06T20:59:28-08:00,0,28
index.js,16,js,ac67972b,NyxNmE,2025-01-30,18:39:10,-08:00,2025-01-30T18:39:10-08:00,0,0
index.js,17,js,fed323c9,NyxNmE,2025-01-31,21:35:53,-08:00,2025-01-31T21:35:53-08:00,0,0
index.js,18,js,77cfcba0,NyxNmE,2025-01-31,22:59:56,-08:00,2025-01-31T22:59:56-08:00,0,31
index.js,19,js,fed323c9,NyxNmE,2025-01-31,21:35:53,-08:00,2025-01-31T21:35:53-08:00,0,56
index.js,20,js,fed323c9,NyxNmE,2025-01-31,21:35:53,-08:00,2025-01-31T21:35:53-08:00,0,16
index.js,21,js,fed323c9,NyxNmE,2025-01-31,21:35:53,-08:00,2025-01-31T21:35:53-08:00,0,65
index.js,22,js,fed323c9,NyxNmE,2025-01-31,21:35:53,-08:00,2025-01-31T21:35:53-08:00,0,21
index.js,23,js,fed323c9,NyxNmE,2025-01-31,21:35:53,-08:00,2025-01-31T21:35:53-08:00,0,28
index.js,24,js,fed323c9,NyxNmE,2025-01-31,21:35:53,-08:00,2025-01-31T21:35:53-08:00,0,22
index.js,25,js,fed323c9,NyxNmE,2025-01-31,21:35:53,-08:00,2025-01-31T21:35:53-08:00,0,56
index.js,26,js,fed323c9,NyxNmE,2025-01-31,21:35:53,-08:00,2025-01-31T21:35:53-08:00,0,52
index.js,27,js,fed323c9,NyxNmE,2025-01-31,21:35:53,-08:00,2025-01-31T21:35:53-08:00,0,57
index.js,28,js,fed323c9,NyxNmE,2025-01-31,21:35:53,-08:00,2025-01-31T21:35:53-08:00,0,57
index.js,29,js,fed323c9,NyxNmE,2025-01-31,21:35:53,-08:00,2025-01-31T21:35:53-08:00,0,63
index.js,30,js,fed323c9,NyxNmE,2025-01-31,21:35:53,-08:00,2025-01-31T21:35:53-08:00,0,67
index.js,31,js,fed323c9,NyxNmE,2025-01-31,21:35:53,-08:00,2025-01-31T21:35:53-08:00,0,1
index.js,32,js,fed323c9,NyxNmE,2025-01-31,21:35:53,-08:00,2025-01-31T21:35:53-08:00,0,0
index.js,33,js,fed323c9,NyxNmE,2025-01-31,21:35:53,-08:00,2025-01-31T21:35:53-08:00,0,0
index.js,34,js,28701042,NyxNmE,2025-02-06,20:25:10,-08:00,2025-02-06T20:25:10-08:00,0,4
index.js,35,js,3489a460,NyxNmE,2025-02-06,20:59:28,-08:00,2025-02-06T20:59:28-08:00,0,0
index.js,36,js,3489a460,NyxNmE,2025-02-06,20:59:28,-08:00,2025-02-06T20:59:28-08:00,0,41
index.js,37,js,3489a460,NyxNmE,2025-02-06,20:59:28,-08:00,2025-02-06T20:59:28-08:00,0,29
index.js,38,js,3489a460,NyxNmE,2025-02-06,20:59:28,-08:00,2025-02-06T20:59:28-08:00,0,11
index.js,39,js,3489a460,NyxNmE,2025-02-06,20:59:28,-08:00,2025-02-06T20:59:28-08:00,0,13
index.js,40,js,3489a460,NyxNmE,2025-02-06,20:59:28,-08:00,2025-02-06T20:59:28-08:00,0,10
index.js,41,js,3489a460,NyxNmE,2025-02-06,20:59:28,-08:00,2025-02-06T20:59:28-08:00,0,1
index.js,42,js,3489a460,NyxNmE,2025-02-06,20:59:28,-08:00,2025-02-06T20:59:28-08:00,0,0
index.js,43,js,3489a460,NyxNmE,2025-02-06,20:59:28,-08:00,2025-02-06T20:59:28-08:00,0,47
index.js,44,js,3489a460,NyxNmE,2025-02-06,20:59:28,-08:00,2025-02-06T20:59:28-08:00,0,45
index.js,45,js,3489a460,NyxNmE,2025-02-06,20:59:28,-08:00,2025-02-06T20:59:28-08:00,0,2
index.js,46,js,3489a460,NyxNmE,2025-02-06,20:59:28,-08:00,2025-02-06T20:59:28-08:00,0,0
index.js,47,js,3489a460,NyxNmE,2025-02-06,20:59:28,-08:00,2025-02-06T20:59:28-08:00,0,50
index.js,48,js,3489a460,NyxNmE,2025-02-06,20:59:28,-08:00,2025-02-06T20:59:28-08:00,0,54
index.js,49,js,3489a460,NyxNmE,2025-02-06,20:59:28,-08:00,2025-02-06T20:59:28-08:00,0,43
index.js,50,js,3489a460,NyxNmE,2025-02-06,20:59:28,-08:00,2025-02-06T20:59:28-08:00,0,28
index.js,51,js,3489a460,NyxNmE,2025-02-06,20:59:28,-08:00,2025-02-06T20:59:28-08:00,0,0
index.js,52,js,3489a460,NyxNmE,2025-02-06,20:59:28,-08:00,2025-02-06T20:59:28-08:00,0,43
index.js,53,js,3489a460,NyxNmE,2025-02-06,20:59:28,-08:00,2025-02-06T20:59:28-08:00,0,20
index.js,54,js,3489a460,NyxNmE,2025-02-06,20:59:28,-08:00,2025-02-06T20:59:28-08:00,0,13
index.js,55,js,3489a460,NyxNmE,2025-02-06,20:59:28,-08:00,2025-02-06T20:59:28-08:00,0,7
index.js,56,js,3489a460,NyxNmE,2025-02-06,20:59:28,-08:00,2025-02-06T20:59:28-08:00,0,14
index.js,57,js,3489a460,NyxNmE,2025-02-06,20:59:28,-08:00,2025-02-06T20:59:28-08:00,0,17
index.js,58,js,3489a460,NyxNmE,2025-02-06,20:59:28,-08:00,2025-02-06T20:59:28-08:00,0,33
index.js,59,js,3489a460,NyxNmE,2025-02-06,20:59:28,-08:00,2025-02-06T20:59:28-08:00,0,23
index.js,60,js,3489a460,NyxNmE,2025-02-06,20:59:28,-08:00,2025-02-06T20:59:28-08:00,0,28
index.js,61,js,3489a460,NyxNmE,2025-02-06,20:59:28,-08:00,2025-02-06T20:59:28-08:00,0,0
index.js,62,js,3489a460,NyxNmE,2025-02-06,20:59:28,-08:00,2025-02-06T20:59:28-08:00,0,39
index.js,63,js,3489a460,NyxNmE,2025-02-06,20:59:28,-08:00,2025-02-06T20:59:28-08:00,0,25
index.js,64,js,3489a460,NyxNmE,2025-02-06,20:59:28,-08:00,2025-02-06T20:59:28-08:00,0,18
index.js,65,js,3489a460,NyxNmE,2025-02-06,20:59:28,-08:00,2025-02-06T20:59:28-08:00,0,39
index.js,66,js,3489a460,NyxNmE,2025-02-06,20:59:28,-08:00,2025-02-06T20:59:28-08:00,0,6
index.js,67,js,3489a460,NyxNmE,2025-02-06,20:59:28,-08:00,2025-02-06T20:59:28-08:00,0,67
index.js,68,js,3489a460,NyxNmE,2025-02-06,20:59:28,-08:00,2025-02-06T20:59:28-08:00,0,31
index.js,69,js,3489a460,NyxNmE,2025-02-06,20:59:28,-08:00,2025-02-06T20:59:28-08:00,0,2
index.js,70,js,3489a460,NyxNmE,2025-02-06,20:59:28,-08:00,2025-02-06T20:59:28-08:00,0,2
index.js,71,js,3489a460,NyxNmE,2025-02-06,20:59:28,-08:00,2025-02-06T20:59:28-08:00,0,0
index.html,1,html,0f7236f2,NyxNmE,2025-01-24,12:28:04,-08:00,2025-01-24T12:28:04-08:00,0,14
index.html,2,html,fed323c9,NyxNmE,2025-01-31,21:35:53,-08:00,2025-01-31T21:35:53-08:00,0,15
index.html,3,html,0f7236f2,NyxNmE,2025-01-24,12:28:04,-08:00,2025-01-24T12:28:04-08:00,0,5
index.html,4,html,77cfcba0,NyxNmE,2025-01-31,22:59:56,-08:00,2025-01-31T22:59:56-08:00,0,23
index.html,5,html,77cfcba0,NyxNmE,2025-01-31,22:59:56,-08:00,2025-01-31T22:59:56-08:00,0,70
index.html,6,html,fed323c9,NyxNmE,2025-01-31,21:35:53,-08:00,2025-01-31T21:35:53-08:00,0,30
index.html,7,html,77cfcba0,NyxNmE,2025-01-31,22:59:56,-08:00,2025-01-31T22:59:56-08:00,0,41
index.html,8,html,0f7236f2,NyxNmE,2025-01-24,12:28:04,-08:00,2025-01-24T12:28:04-08:00,0,6
index.html,9,html,0f7236f2,NyxNmE,2025-01-24,12:28:04,-08:00,2025-01-24T12:28:04-08:00,0,5
index.html,10,html,77b1dfe8,NyxNmE,2025-01-24,13:26:12,-08:00,2025-01-24T13:26:12-08:00,0,0
index.html,11,html,527bd8f1,NyxNmE,2025-01-31,21:53:24,-08:00,2025-01-31T21:53:24-08:00,0,18
index.html,12,html,527bd8f1,NyxNmE,2025-01-31,21:53:24,-08:00,2025-01-31T21:53:24-08:00,0,0
index.html,13,html,3489a460,NyxNmE,2025-02-06,20:59:28,-08:00,2025-02-06T20:59:28-08:00,0,70
index.html,14,html,527bd8f1,NyxNmE,2025-01-31,21:53:24,-08:00,2025-01-31T21:53:24-08:00,0,0
index.html,15,html,527bd8f1,NyxNmE,2025-01-31,21:53:24,-08:00,2025-01-31T21:53:24-08:00,0,2
index.html,16,html,77cfcba0,NyxNmE,2025-01-31,22:59:56,-08:00,2025-01-31T22:59:56-08:00,0,77
index.html,17,html,3489a460,NyxNmE,2025-02-06,20:59:28,-08:00,2025-02-06T20:59:28-08:00,0,17
index.html,18,html,527bd8f1,NyxNmE,2025-01-31,21:53:24,-08:00,2025-01-31T21:53:24-08:00,0,3
index.html,19,html,a0027c9b,NyxNmE,2025-01-30,18:05:52,-08:00,2025-01-30T18:05:52-08:00,0,0
index.html,20,html,0e43c7be,NyxNmE,2025-01-31,21:28:13,-08:00,2025-01-31T21:28:13-08:00,0,23
index.html,21,html,3b462757,NyxNmE,2025-01-31,22:07:29,-08:00,2025-01-31T22:07:29-08:00,0,27
index.html,22,html,0e43c7be,NyxNmE,2025-01-31,21:28:13,-08:00,2025-01-31T21:28:13-08:00,0,0
index.html,23,html,f88e3b16,NyxNmE,2025-02-06,19:40:50,-08:00,2025-02-06T19:40:50-08:00,0,28
index.html,24,html,f88e3b16,NyxNmE,2025-02-06,19:40:50,-08:00,2025-02-06T19:40:50-08:00,0,26
index.html,25,html,3489a460,NyxNmE,2025-02-06,20:59:28,-08:00,2025-02-06T20:59:28-08:00,0,59
index.html,26,html,3489a460,NyxNmE,2025-02-06,20:59:28,-08:00,2025-02-06T20:59:28-08:00,0,27
index.html,27,html,f88e3b16,NyxNmE,2025-02-06,19:40:50,-08:00,2025-02-06T19:40:50-08:00,0,5
index.html,28,html,f88e3b16,NyxNmE,2025-02-06,19:40:50,-08:00,2025-02-06T19:40:50-08:00,0,0
index.html,29,html,3b462757,NyxNmE,2025-01-31,22:07:29,-08:00,2025-01-31T22:07:29-08:00,0,52
index.html,30,html,fed323c9,NyxNmE,2025-01-31,21:35:53,-08:00,2025-01-31T21:35:53-08:00,0,0
index.html,31,html,0e43c7be,NyxNmE,2025-01-31,21:28:13,-08:00,2025-01-31T21:28:13-08:00,0,52
index.html,32,html,0e43c7be,NyxNmE,2025-01-31,21:28:13,-08:00,2025-01-31T21:28:13-08:00,0,51
index.html,33,html,0f7236f2,NyxNmE,2025-01-24,12:28:04,-08:00,2025-01-24T12:28:04-08:00,0,6
index.html,34,html,f88e3b16,NyxNmE,2025-02-06,19:40:50,-08:00,2025-02-06T19:40:50-08:00,0,6
global.js,1,js,57d21fa6,NyxNmE,2025-01-26,09:45:02,-08:00,2025-01-26T09:45:02-08:00,0,26
global.js,2,js,fafbca78,NyxNmE,2025-01-26,09:31:37,-08:00,2025-01-26T09:31:37-08:00,0,0
global.js,3,js,57d21fa6,NyxNmE,2025-01-26,09:45:02,-08:00,2025-01-26T09:45:02-08:00,0,49
global.js,4,js,fafbca78,NyxNmE,2025-01-26,09:31:37,-08:00,2025-01-26T09:31:37-08:00,0,53
global.js,5,js,57d21fa6,NyxNmE,2025-01-26,09:45:02,-08:00,2025-01-26T09:45:02-08:00,0,0
global.js,6,js,57d21fa6,NyxNmE,2025-01-26,09:45:02,-08:00,2025-01-26T09:45:02-08:00,0,0
global.js,7,js,9ac57850,NyxNmE,2025-01-26,16:15:32,-08:00,2025-01-26T16:15:32-08:00,0,14
global.js,8,js,28701042,NyxNmE,2025-02-06,20:25:10,-08:00,2025-02-06T20:25:10-08:00,0,52
global.js,9,js,77cfcba0,NyxNmE,2025-01-31,22:59:56,-08:00,2025-01-31T22:59:56-08:00,0,60
global.js,10,js,28701042,NyxNmE,2025-02-06,20:25:10,-08:00,2025-02-06T20:25:10-08:00,0,59
global.js,11,js,28701042,NyxNmE,2025-02-06,20:25:10,-08:00,2025-02-06T20:25:10-08:00,0,58
global.js,12,js,28701042,NyxNmE,2025-02-06,20:25:10,-08:00,2025-02-06T20:25:10-08:00,0,57
global.js,13,js,9ac57850,NyxNmE,2025-01-26,16:15:32,-08:00,2025-01-26T16:15:32-08:00,0,1
global.js,14,js,1986b05e,NyxNmE,2025-01-26,13:31:06,-08:00,2025-01-26T13:31:06-08:00,0,0
global.js,15,js,9ac57850,NyxNmE,2025-01-26,16:15:32,-08:00,2025-01-26T16:15:32-08:00,0,41
global.js,16,js,77cfcba0,NyxNmE,2025-01-31,22:59:56,-08:00,2025-01-31T22:59:56-08:00,0,26
global.js,17,js,9ac57850,NyxNmE,2025-01-26,16:15:32,-08:00,2025-01-26T16:15:32-08:00,0,0
global.js,18,js,77cfcba0,NyxNmE,2025-01-31,22:59:56,-08:00,2025-01-31T22:59:56-08:00,0,22
global.js,19,js,2f410573,NyxNmE,2025-01-31,22:40:30,-08:00,2025-01-31T22:40:30-08:00,0,37
global.js,20,js,2f410573,NyxNmE,2025-01-31,22:40:30,-08:00,2025-01-31T22:40:30-08:00,0,17
global.js,21,js,2f410573,NyxNmE,2025-01-31,22:40:30,-08:00,2025-01-31T22:40:30-08:00,0,26
global.js,22,js,77cfcba0,NyxNmE,2025-01-31,22:59:56,-08:00,2025-01-31T22:59:56-08:00,0,0
global.js,23,js,2f410573,NyxNmE,2025-01-31,22:40:30,-08:00,2025-01-31T22:40:30-08:00,0,33
global.js,24,js,2f410573,NyxNmE,2025-01-31,22:40:30,-08:00,2025-01-31T22:40:30-08:00,0,19
global.js,25,js,9ac57850,NyxNmE,2025-01-26,16:15:32,-08:00,2025-01-26T16:15:32-08:00,0,0
global.js,26,js,77cfcba0,NyxNmE,2025-01-31,22:59:56,-08:00,2025-01-31T22:59:56-08:00,0,43
global.js,27,js,2f410573,NyxNmE,2025-01-31,22:40:30,-08:00,2025-01-31T22:40:30-08:00,0,26
global.js,28,js,9ac57850,NyxNmE,2025-01-26,16:15:32,-08:00,2025-01-26T16:15:32-08:00,0,0
global.js,29,js,77cfcba0,NyxNmE,2025-01-31,22:59:56,-08:00,2025-01-31T22:59:56-08:00,0,0
global.js,30,js,77cfcba0,NyxNmE,2025-01-31,22:59:56,-08:00,2025-01-31T22:59:56-08:00,0,18
global.js,31,js,3b462757,NyxNmE,2025-01-31,22:07:29,-08:00,2025-01-31T22:07:29-08:00,0,2
global.js,32,js,9042ca0c,NyxNmE,2025-01-26,21:07:05,-08:00,2025-01-26T21:07:05-08:00,0,0
global.js,33,js,ba2c3a40,NyxNmE,2025-02-06,00:47:22,-08:00,2025-02-06T00:47:22-08:00,0,50
global.js,34,js,ba2c3a40,NyxNmE,2025-02-06,00:47:22,-08:00,2025-02-06T00:47:22-08:00,0,40
global.js,35,js,ba2c3a40,NyxNmE,2025-02-06,00:47:22,-08:00,2025-02-06T00:47:22-08:00,0,23
global.js,36,js,ba2c3a40,NyxNmE,2025-02-06,00:47:22,-08:00,2025-02-06T00:47:22-08:00,0,5
global.js,37,js,ba2c3a40,NyxNmE,2025-02-06,00:47:22,-08:00,2025-02-06T00:47:22-08:00,0,27
global.js,38,js,ba2c3a40,NyxNmE,2025-02-06,00:47:22,-08:00,2025-02-06T00:47:22-08:00,0,53
global.js,39,js,ba2c3a40,NyxNmE,2025-02-06,00:47:22,-08:00,2025-02-06T00:47:22-08:00,0,35
global.js,40,js,ba2c3a40,NyxNmE,2025-02-06,00:47:22,-08:00,2025-02-06T00:47:22-08:00,0,33
global.js,41,js,ba2c3a40,NyxNmE,2025-02-06,00:47:22,-08:00,2025-02-06T00:47:22-08:00,0,8
global.js,42,js,ba2c3a40,NyxNmE,2025-02-06,00:47:22,-08:00,2025-02-06T00:47:22-08:00,0,1
global.js,43,js,ba2c3a40,NyxNmE,2025-02-06,00:47:22,-08:00,2025-02-06T00:47:22-08:00,0,27
global.js,44,js,ba2c3a40,NyxNmE,2025-02-06,00:47:22,-08:00,2025-02-06T00:47:22-08:00,0,0
global.js,45,js,ba2c3a40,NyxNmE,2025-02-06,00:47:22,-08:00,2025-02-06T00:47:22-08:00,0,63
global.js,46,js,ba2c3a40,NyxNmE,2025-02-06,00:47:22,-08:00,2025-02-06T00:47:22-08:00,0,52
global.js,47,js,ba2c3a40,NyxNmE,2025-02-06,00:47:22,-08:00,2025-02-06T00:47:22-08:00,0,63
global.js,48,js,ba2c3a40,NyxNmE,2025-02-06,00:47:22,-08:00,2025-02-06T00:47:22-08:00,0,59
global.js,49,js,ba2c3a40,NyxNmE,2025-02-06,00:47:22,-08:00,2025-02-06T00:47:22-08:00,0,2
global.js,50,js,ba2c3a40,NyxNmE,2025-02-06,00:47:22,-08:00,2025-02-06T00:47:22-08:00,0,0
global.js,51,js,ba2c3a40,NyxNmE,2025-02-06,00:47:22,-08:00,2025-02-06T00:47:22-08:00,0,58
global.js,52,js,ba2c3a40,NyxNmE,2025-02-06,00:47:22,-08:00,2025-02-06T00:47:22-08:00,0,16
global.js,53,js,ba2c3a40,NyxNmE,2025-02-06,00:47:22,-08:00,2025-02-06T00:47:22-08:00,0,32
global.js,54,js,ba2c3a40,NyxNmE,2025-02-06,00:47:22,-08:00,2025-02-06T00:47:22-08:00,0,55
global.js,55,js,ba2c3a40,NyxNmE,2025-02-06,00:47:22,-08:00,2025-02-06T00:47:22-08:00,0,0
global.js,56,js,ba2c3a40,NyxNmE,2025-02-06,00:47:22,-08:00,2025-02-06T00:47:22-08:00,0,0
global.js,57,js,9b57d8ae,NyxNmE,2025-01-30,17:04:35,-08:00,2025-01-30T17:04:35-08:00,0,37
global.js,58,js,9b57d8ae,NyxNmE,2025-01-30,17:04:35,-08:00,2025-01-30T17:04:35-08:00,0,4
global.js,59,js,9b57d8ae,NyxNmE,2025-01-30,17:04:35,-08:00,2025-01-30T17:04:35-08:00,0,33
global.js,60,js,9b57d8ae,NyxNmE,2025-01-30,17:04:35,-08:00,2025-01-30T17:04:35-08:00,0,18
global.js,61,js,3b462757,NyxNmE,2025-01-31,22:07:29,-08:00,2025-01-31T22:07:29-08:00,0,63
global.js,62,js,9b57d8ae,NyxNmE,2025-01-30,17:04:35,-08:00,2025-01-30T17:04:35-08:00,0,0
global.js,63,js,fed323c9,NyxNmE,2025-01-31,21:35:53,-08:00,2025-01-31T21:35:53-08:00,0,28
global.js,64,js,9b57d8ae,NyxNmE,2025-01-30,17:04:35,-08:00,2025-01-30T17:04:35-08:00,0,16
global.js,65,js,9b57d8ae,NyxNmE,2025-01-30,17:04:35,-08:00,2025-01-30T17:04:35-08:00,0,60
global.js,66,js,fed323c9,NyxNmE,2025-01-31,21:35:53,-08:00,2025-01-31T21:35:53-08:00,0,9
global.js,67,js,fed323c9,NyxNmE,2025-01-31,21:35:53,-08:00,2025-01-31T21:35:53-08:00,0,0
global.js,68,js,fed323c9,NyxNmE,2025-01-31,21:35:53,-08:00,2025-01-31T21:35:53-08:00,0,0
global.js,69,js,fed323c9,NyxNmE,2025-01-31,21:35:53,-08:00,2025-01-31T21:35:53-08:00,0,0
global.js,70,js,ba2c3a40,NyxNmE,2025-02-06,00:47:22,-08:00,2025-02-06T00:47:22-08:00,0,48
global.js,71,js,ba2c3a40,NyxNmE,2025-02-06,00:47:22,-08:00,2025-02-06T00:47:22-08:00,0,4
global.js,72,js,ba2c3a40,NyxNmE,2025-02-06,00:47:22,-08:00,2025-02-06T00:47:22-08:00,0,72
global.js,73,js,ba2c3a40,NyxNmE,2025-02-06,00:47:22,-08:00,2025-02-06T00:47:22-08:00,0,18
global.js,74,js,ba2c3a40,NyxNmE,2025-02-06,00:47:22,-08:00,2025-02-06T00:47:22-08:00,0,70
global.js,75,js,ba2c3a40,NyxNmE,2025-02-06,00:47:22,-08:00,2025-02-06T00:47:22-08:00,0,0
global.js,76,js,ba2c3a40,NyxNmE,2025-02-06,00:47:22,-08:00,2025-02-06T00:47:22-08:00,0,28
global.js,77,js,ba2c3a40,NyxNmE,2025-02-06,00:47:22,-08:00,2025-02-06T00:47:22-08:00,0,16
global.js,78,js,ba2c3a40,NyxNmE,2025-02-06,00:47:22,-08:00,2025-02-06T00:47:22-08:00,0,55
global.js,79,js,ba2c3a40,NyxNmE,2025-02-06,00:47:22,-08:00,2025-02-06T00:47:22-08:00,0,11
global.js,80,js,ba2c3a40,NyxNmE,2025-02-06,00:47:22,-08:00,2025-02-06T00:47:22-08:00,0,0
global.js,81,js,ba2c3a40,NyxNmE,2025-02-06,00:47:22,-08:00,2025-02-06T00:47:22-08:00,0,0
global.js,82,js,ba2c3a40,NyxNmE,2025-02-06,00:47:22,-08:00,2025-02-06T00:47:22-08:00,0,0
global.js,83,js,a0027c9b,NyxNmE,2025-01-30,18:05:52,-08:00,2025-01-30T18:05:52-08:00,0,80
global.js,84,js,72aac701,NyxNmE,2025-01-30,17:13:22,-08:00,2025-01-30T17:13:22-08:00,0,23
global.js,85,js,a0027c9b,NyxNmE,2025-01-30,18:05:52,-08:00,2025-01-30T18:05:52-08:00,0,57
global.js,86,js,72aac701,NyxNmE,2025-01-30,17:13:22,-08:00,2025-01-30T17:13:22-08:00,0,6
global.js,87,js,72aac701,NyxNmE,2025-01-30,17:13:22,-08:00,2025-01-30T17:13:22-08:00,0,0
global.js,88,js,77cfcba0,NyxNmE,2025-01-31,22:59:56,-08:00,2025-01-31T22:59:56-08:00,0,0
global.js,89,js,c0498bf9,NyxNmE,2025-01-31,22:31:22,-08:00,2025-01-31T22:31:22-08:00,0,31
global.js,90,js,9b57d8ae,NyxNmE,2025-01-30,17:04:35,-08:00,2025-01-30T17:04:35-08:00,0,0
global.js,91,js,2644ba4f,NyxNmE,2025-01-30,17:22:45,-08:00,2025-01-30T17:22:45-08:00,0,55
global.js,92,js,a0027c9b,NyxNmE,2025-01-30,18:05:52,-08:00,2025-01-30T18:05:52-08:00,0,56
global.js,93,js,2644ba4f,NyxNmE,2025-01-30,17:22:45,-08:00,2025-01-30T17:22:45-08:00,0,6
global.js,94,js,2644ba4f,NyxNmE,2025-01-30,17:22:45,-08:00,2025-01-30T17:22:45-08:00,0,0
global.js,95,js,2644ba4f,NyxNmE,2025-01-30,17:22:45,-08:00,2025-01-30T17:22:45-08:00,0,0
global.js,96,js,9b57d8ae,NyxNmE,2025-01-30,17:04:35,-08:00,2025-01-30T17:04:35-08:00,0,30
global.js,97,js,a0027c9b,NyxNmE,2025-01-30,18:05:52,-08:00,2025-01-30T18:05:52-08:00,0,49
global.js,98,js,28701042,NyxNmE,2025-02-06,20:25:10,-08:00,2025-02-06T20:25:10-08:00,0,0
global.js,99,js,28701042,NyxNmE,2025-02-06,20:25:10,-08:00,2025-02-06T20:25:10-08:00,0,30
global.js,100,js,28701042,NyxNmE,2025-02-06,20:25:10,-08:00,2025-02-06T20:25:10-08:00,0,54
global.js,101,js,28701042,NyxNmE,2025-02-06,20:25:10,-08:00,2025-02-06T20:25:10-08:00,0,4
global.js,102,js,28701042,NyxNmE,2025-02-06,20:25:10,-08:00,2025-02-06T20:25:10-08:00,0,0
global.js,103,js,a0027c9b,NyxNmE,2025-01-30,18:05:52,-08:00,2025-01-30T18:05:52-08:00,0,20
global.js,104,js,28701042,NyxNmE,2025-02-06,20:25:10,-08:00,2025-02-06T20:25:10-08:00,0,72
global.js,105,js,28701042,NyxNmE,2025-02-06,20:25:10,-08:00,2025-02-06T20:25:10-08:00,0,11
global.js,106,js,28701042,NyxNmE,2025-02-06,20:25:10,-08:00,2025-02-06T20:25:10-08:00,0,34
global.js,107,js,28701042,NyxNmE,2025-02-06,20:25:10,-08:00,2025-02-06T20:25:10-08:00,0,63
global.js,108,js,a0027c9b,NyxNmE,2025-01-30,18:05:52,-08:00,2025-01-30T18:05:52-08:00,0,1
global.js,109,js,2644ba4f,NyxNmE,2025-01-30,17:22:45,-08:00,2025-01-30T17:22:45-08:00,0,37
global.js,110,js,2644ba4f,NyxNmE,2025-01-30,17:22:45,-08:00,2025-01-30T17:22:45-08:00,0,2
global.js,111,js,a0027c9b,NyxNmE,2025-01-30,18:05:52,-08:00,2025-01-30T18:05:52-08:00,0,0
global.js,112,js,a0027c9b,NyxNmE,2025-01-30,18:05:52,-08:00,2025-01-30T18:05:52-08:00,0,69
global.js,113,js,a0027c9b,NyxNmE,2025-01-30,18:05:52,-08:00,2025-01-30T18:05:52-08:00,0,25
global.js,114,js,a0027c9b,NyxNmE,2025-01-30,18:05:52,-08:00,2025-01-30T18:05:52-08:00,0,63
global.js,115,js,a0027c9b,NyxNmE,2025-01-30,18:05:52,-08:00,2025-01-30T18:05:52-08:00,0,0
global.js,116,js,bc16d6a6,NyxNmE,2025-02-06,00:07:31,-08:00,2025-02-06T00:07:31-08:00,0,0
resume/index.html,1,html,8d33fae6,NyxNmE,2025-01-24,14:05:06,-08:00,2025-01-24T14:05:06-08:00,0,14
resume/index.html,2,html,8d33fae6,NyxNmE,2025-01-24,14:05:06,-08:00,2025-01-24T14:05:06-08:00,0,15
resume/index.html,3,html,8d33fae6,NyxNmE,2025-01-24,14:05:06,-08:00,2025-01-24T14:05:06-08:00,0,5
resume/index.html,4,html,77cfcba0,NyxNmE,2025-01-31,22:59:56,-08:00,2025-01-31T22:59:56-08:00,0,23
resume/index.html,5,html,77cfcba0,NyxNmE,2025-01-31,22:59:56,-08:00,2025-01-31T22:59:56-08:00,0,70
resume/index.html,6,html,3cef71c5,NyxNmE,2025-01-24,18:47:00,-08:00,2025-01-24T18:47:00-08:00,0,32
resume/index.html,7,html,77cfcba0,NyxNmE,2025-01-31,22:59:56,-08:00,2025-01-31T22:59:56-08:00,0,44
resume/index.html,8,html,8d33fae6,NyxNmE,2025-01-24,14:05:06,-08:00,2025-01-24T14:05:06-08:00,0,6
resume/index.html,9,html,8d33fae6,NyxNmE,2025-01-24,14:05:06,-08:00,2025-01-24T14:05:06-08:00,0,5
resume/index.html,10,html,9ac57850,NyxNmE,2025-01-26,16:15:32,-08:00,2025-01-26T16:15:32-08:00,0,0
resume/index.html,11,html,3cef71c5,NyxNmE,2025-01-24,18:47:00,-08:00,2025-01-24T18:47:00-08:00,0,29
resume/index.html,12,html,8d33fae6,NyxNmE,2025-01-24,14:05:06,-08:00,2025-01-24T14:05:06-08:00,0,0
resume/index.html,13,html,8d33fae6,NyxNmE,2025-01-24,14:05:06,-08:00,2025-01-24T14:05:06-08:00,0,21
resume/index.html,14,html,3cef71c5,NyxNmE,2025-01-24,18:47:00,-08:00,2025-01-24T18:47:00-08:00,0,23
resume/index.html,15,html,3cef71c5,NyxNmE,2025-01-24,18:47:00,-08:00,2025-01-24T18:47:00-08:00,0,44
resume/index.html,16,html,3cef71c5,NyxNmE,2025-01-24,18:47:00,-08:00,2025-01-24T18:47:00-08:00,0,44
resume/index.html,17,html,3cef71c5,NyxNmE,2025-01-24,18:47:00,-08:00,2025-01-24T18:47:00-08:00,0,3
resume/index.html,18,html,8d33fae6,NyxNmE,2025-01-24,14:05:06,-08:00,2025-01-24T14:05:06-08:00,0,0
resume/index.html,19,html,8d33fae6,NyxNmE,2025-01-24,14:05:06,-08:00,2025-01-24T14:05:06-08:00,0,8
resume/index.html,20,html,3cef71c5,NyxNmE,2025-01-24,18:47:00,-08:00,2025-01-24T18:47:00-08:00,0,17
resume/index.html,21,html,3cef71c5,NyxNmE,2025-01-24,18:47:00,-08:00,2025-01-24T18:47:00-08:00,0,8
resume/index.html,22,html,3cef71c5,NyxNmE,2025-01-24,18:47:00,-08:00,2025-01-24T18:47:00-08:00,0,43
resume/index.html,23,html,3cef71c5,NyxNmE,2025-01-24,18:47:00,-08:00,2025-01-24T18:47:00-08:00,0,79
resume/index.html,24,html,3cef71c5,NyxNmE,2025-01-24,18:47:00,-08:00,2025-01-24T18:47:00-08:00,0,57
resume/index.html,25,html,3cef71c5,NyxNmE,2025-01-24,18:47:00,-08:00,2025-01-24T18:47:00-08:00,0,43
resume/index.html,26,html,3cef71c5,NyxNmE,2025-01-24,18:47:00,-08:00,2025-01-24T18:47:00-08:00,0,59
resume/index.html,27,html,3cef71c5,NyxNmE,2025-01-24,18:47:00,-08:00,2025-01-24T18:47:00-08:00,0,2
resume/index.html,28,html,3cef71c5,NyxNmE,2025-01-24,18:47:00,-08:00,2025-01-24T18:47:00-08:00,0,36
resume/index.html,29,html,3cef71c5,NyxNmE,2025-01-24,18:47:00,-08:00,2025-01-24T18:47:00-08:00,0,55
resume/index.html,30,html,3cef71c5,NyxNmE,2025-01-24,18:47:00,-08:00,2025-01-24T18:47:00-08:00,0,47
resume/index.html,31,html,3cef71c5,NyxNmE,2025-01-24,18:47:00,-08:00,2025-01-24T18:47:00-08:00,0,51
resume/index.html,32,html,3cef71c5,NyxNmE,2025-01-24,18:47:00,-08:00,2025-01-24T18:47:00-08:00,0,3
resume/index.html,33,html,3cef71c5,NyxNmE,2025-01-24,18:47:00,-08:00,2025-01-24T18:47:00-08:00,0,9
resume/index.html,34,html,8d33fae6,NyxNmE,2025-01-24,14:05:06,-08:00,2025-01-24T14:05:06-08:00,0,9
resume/index.html,35,html,8d33fae6,NyxNmE,2025-01-24,14:05:06,-08:00,2025-01-24T14:05:06-08:00,0,0
resume/index.html,36,html,8d33fae6,NyxNmE,2025-01-24,14:05:06,-08:00,2025-01-24T14:05:06-08:00,0,8
resume/index.html,37,html,3cef71c5,NyxNmE,2025-01-24,18:47:00,-08:00,2025-01-24T18:47:00-08:00,0,31
resume/index.html,38,html,3cef71c5,NyxNmE,2025-01-24,18:47:00,-08:00,2025-01-24T18:47:00-08:00,0,8
resume/index.html,39,html,3cef71c5,NyxNmE,2025-01-24,18:47:00,-08:00,2025-01-24T18:47:00-08:00,0,19
resume/index.html,40,html,3cef71c5,NyxNmE,2025-01-24,18:47:00,-08:00,2025-01-24T18:47:00-08:00,0,61
resume/index.html,41,html,3cef71c5,NyxNmE,2025-01-24,18:47:00,-08:00,2025-01-24T18:47:00-08:00,0,54
resume/index.html,42,html,3cef71c5,NyxNmE,2025-01-24,18:47:00,-08:00,2025-01-24T18:47:00-08:00,0,3
resume/index.html,43,html,3cef71c5,NyxNmE,2025-01-24,18:47:00,-08:00,2025-01-24T18:47:00-08:00,0,90
resume/index.html,44,html,3cef71c5,NyxNmE,2025-01-24,18:47:00,-08:00,2025-01-24T18:47:00-08:00,0,98
resume/index.html,45,html,3cef71c5,NyxNmE,2025-01-24,18:47:00,-08:00,2025-01-24T18:47:00-08:00,0,97
resume/index.html,46,html,3cef71c5,NyxNmE,2025-01-24,18:47:00,-08:00,2025-01-24T18:47:00-08:00,0,4
resume/index.html,47,html,3cef71c5,NyxNmE,2025-01-24,18:47:00,-08:00,2025-01-24T18:47:00-08:00,0,9
resume/index.html,48,html,8d33fae6,NyxNmE,2025-01-24,14:05:06,-08:00,2025-01-24T14:05:06-08:00,0,0
resume/index.html,49,html,3cef71c5,NyxNmE,2025-01-24,18:47:00,-08:00,2025-01-24T18:47:00-08:00,0,8
resume/index.html,50,html,3cef71c5,NyxNmE,2025-01-24,18:47:00,-08:00,2025-01-24T18:47:00-08:00,0,50
resume/index.html,51,html,3cef71c5,NyxNmE,2025-01-24,18:47:00,-08:00,2025-01-24T18:47:00-08:00,0,55
resume/index.html,52,html,3cef71c5,NyxNmE,2025-01-24,18:47:00,-08:00,2025-01-24T18:47:00-08:00,0,49
resume/index.html,53,html,3cef71c5,NyxNmE,2025-01-24,18:47:00,-08:00,2025-01-24T18:47:00-08:00,0,3
resume/index.html,54,html,3cef71c5,NyxNmE,2025-01-24,18:47:00,-08:00,2025-01-24T18:47:00-08:00,0,82
resume/index.html,55,html,3cef71c5,NyxNmE,2025-01-24,18:47:00,-08:00,2025-01-24T18:47:00-08:00,0,86
resume/index.html,56,html,3cef71c5,NyxNmE,2025-01-24,18:47:00,-08:00,2025-01-24T18:47:00-08:00,0,87
resume/index.html,57,html,3cef71c5,NyxNmE,2025-01-24,18:47:00,-08:00,2025-01-24T18:47:00-08:00,0,4
resume/index.html,58,html,3cef71c5,NyxNmE,2025-01-24,18:47:00,-08:00,2025-01-24T18:47:00-08:00,0,9
resume/index.html,59,html,8d33fae6,NyxNmE,2025-01-24,14:05:06,-08:00,2025-01-24T14:05:06-08:00,0,0
resume/index.html,60,html,3cef71c5,NyxNmE,2025-01-24,18:47:00,-08:00,2025-01-24T18:47:00-08:00,0,8
resume/index.html,61,html,3cef71c5,NyxNmE,2025-01-24,18:47:00,-08:00,2025-01-24T18:47:00-08:00,0,21
resume/index.html,62,html,3cef71c5,NyxNmE,2025-01-24,18:47:00,-08:00,2025-01-24T18:47:00-08:00,0,48
resume/index.html,63,html,3cef71c5,NyxNmE,2025-01-24,18:47:00,-08:00,2025-01-24T18:47:00-08:00,0,54
resume/index.html,64,html,3cef71c5,NyxNmE,2025-01-24,18:47:00,-08:00,2025-01-24T18:47:00-08:00,0,3
resume/index.html,65,html,3cef71c5,NyxNmE,2025-01-24,18:47:00,-08:00,2025-01-24T18:47:00-08:00,0,85
resume/index.html,66,html,3cef71c5,NyxNmE,2025-01-24,18:47:00,-08:00,2025-01-24T18:47:00-08:00,0,81
resume/index.html,67,html,3cef71c5,NyxNmE,2025-01-24,18:47:00,-08:00,2025-01-24T18:47:00-08:00,0,76
resume/index.html,68,html,3cef71c5,NyxNmE,2025-01-24,18:47:00,-08:00,2025-01-24T18:47:00-08:00,0,4
resume/index.html,69,html,3cef71c5,NyxNmE,2025-01-24,18:47:00,-08:00,2025-01-24T18:47:00-08:00,0,9
resume/index.html,70,html,8d33fae6,NyxNmE,2025-01-24,14:05:06,-08:00,2025-01-24T14:05:06-08:00,0,9
resume/index.html,71,html,8d33fae6,NyxNmE,2025-01-24,14:05:06,-08:00,2025-01-24T14:05:06-08:00,0,0
resume/index.html,72,html,8d33fae6,NyxNmE,2025-01-24,14:05:06,-08:00,2025-01-24T14:05:06-08:00,0,8
resume/index.html,73,html,3cef71c5,NyxNmE,2025-01-24,18:47:00,-08:00,2025-01-24T18:47:00-08:00,0,36
resume/index.html,74,html,3cef71c5,NyxNmE,2025-01-24,18:47:00,-08:00,2025-01-24T18:47:00-08:00,0,8
resume/index.html,75,html,3cef71c5,NyxNmE,2025-01-24,18:47:00,-08:00,2025-01-24T18:47:00-08:00,0,21
resume/index.html,76,html,3cef71c5,NyxNmE,2025-01-24,18:47:00,-08:00,2025-01-24T18:47:00-08:00,0,37
resume/index.html,77,html,3cef71c5,NyxNmE,2025-01-24,18:47:00,-08:00,2025-01-24T18:47:00-08:00,0,3
resume/index.html,78,html,3cef71c5,NyxNmE,2025-01-24,18:47:00,-08:00,2025-01-24T18:47:00-08:00,0,101
resume/index.html,79,html,3cef71c5,NyxNmE,2025-01-24,18:47:00,-08:00,2025-01-24T18:47:00-08:00,0,86
resume/index.html,80,html,3cef71c5,NyxNmE,2025-01-24,18:47:00,-08:00,2025-01-24T18:47:00-08:00,0,96
resume/index.html,81,html,3cef71c5,NyxNmE,2025-01-24,18:47:00,-08:00,2025-01-24T18:47:00-08:00,0,4
resume/index.html,82,html,3cef71c5,NyxNmE,2025-01-24,18:47:00,-08:00,2025-01-24T18:47:00-08:00,0,9
resume/index.html,83,html,8d33fae6,NyxNmE,2025-01-24,14:05:06,-08:00,2025-01-24T14:05:06-08:00,0,9
resume/index.html,84,html,8d33fae6,NyxNmE,2025-01-24,14:05:06,-08:00,2025-01-24T14:05:06-08:00,0,0
resume/index.html,85,html,8d33fae6,NyxNmE,2025-01-24,14:05:06,-08:00,2025-01-24T14:05:06-08:00,0,8
resume/index.html,86,html,3cef71c5,NyxNmE,2025-01-24,18:47:00,-08:00,2025-01-24T18:47:00-08:00,0,30
resume/index.html,87,html,3cef71c5,NyxNmE,2025-01-24,18:47:00,-08:00,2025-01-24T18:47:00-08:00,0,2
resume/index.html,88,html,3cef71c5,NyxNmE,2025-01-24,18:47:00,-08:00,2025-01-24T18:47:00-08:00,0,77
resume/index.html,89,html,3cef71c5,NyxNmE,2025-01-24,18:47:00,-08:00,2025-01-24T18:47:00-08:00,0,3
resume/index.html,90,html,3cef71c5,NyxNmE,2025-01-24,18:47:00,-08:00,2025-01-24T18:47:00-08:00,0,2
resume/index.html,91,html,77cfcba0,NyxNmE,2025-01-31,22:59:56,-08:00,2025-01-31T22:59:56-08:00,0,78
resume/index.html,92,html,77cfcba0,NyxNmE,2025-01-31,22:59:56,-08:00,2025-01-31T22:59:56-08:00,0,33
resume/index.html,93,html,3cef71c5,NyxNmE,2025-01-24,18:47:00,-08:00,2025-01-24T18:47:00-08:00,0,3
resume/index.html,94,html,8d33fae6,NyxNmE,2025-01-24,14:05:06,-08:00,2025-01-24T14:05:06-08:00,0,9
resume/index.html,95,html,8d33fae6,NyxNmE,2025-01-24,14:05:06,-08:00,2025-01-24T14:05:06-08:00,0,0
resume/index.html,96,html,3cef71c5,NyxNmE,2025-01-24,18:47:00,-08:00,2025-01-24T18:47:00-08:00,0,5
resume/index.html,97,html,3cef71c5,NyxNmE,2025-01-24,18:47:00,-08:00,2025-01-24T18:47:00-08:00,0,0
resume/index.html,98,html,fafbca78,NyxNmE,2025-01-26,09:31:37,-08:00,2025-01-26T09:31:37-08:00,0,49
resume/index.html,99,html,8d33fae6,NyxNmE,2025-01-24,14:05:06,-08:00,2025-01-24T14:05:06-08:00,0,6
resume/index.html,100,html,77cfcba0,NyxNmE,2025-01-31,22:59:56,-08:00,2025-01-31T22:59:56-08:00,0,6
projects/projects.js,1,js,861ac192,NyxNmE,2025-02-06,19:58:53,-08:00,2025-02-06T19:58:53-08:00,0,64
projects/projects.js,2,js,861ac192,NyxNmE,2025-02-06,19:58:53,-08:00,2025-02-06T19:58:53-08:00,0,56
projects/projects.js,3,js,861ac192,NyxNmE,2025-02-06,19:58:53,-08:00,2025-02-06T19:58:53-08:00,0,0
projects/projects.js,4,js,861ac192,NyxNmE,2025-02-06,19:58:53,-08:00,2025-02-06T19:58:53-08:00,0,19
projects/projects.js,5,js,612cd156,NyxNmE,2025-02-06,20:50:43,-08:00,2025-02-06T20:50:43-08:00,0,22
projects/projects.js,6,js,612cd156,NyxNmE,2025-02-06,20:50:43,-08:00,2025-02-06T20:50:43-08:00,0,0
projects/projects.js,7,js,612cd156,NyxNmE,2025-02-06,20:50:43,-08:00,2025-02-06T20:50:43-08:00,0,59
projects/projects.js,8,js,612cd156,NyxNmE,2025-02-06,20:50:43,-08:00,2025-02-06T20:50:43-08:00,0,46
projects/projects.js,9,js,861ac192,NyxNmE,2025-02-06,19:58:53,-08:00,2025-02-06T19:58:53-08:00,0,35
projects/projects.js,10,js,861ac192,NyxNmE,2025-02-06,19:58:53,-08:00,2025-02-06T19:58:53-08:00,0,6
projects/projects.js,11,js,861ac192,NyxNmE,2025-02-06,19:58:53,-08:00,2025-02-06T19:58:53-08:00,0,0
projects/projects.js,12,js,861ac192,NyxNmE,2025-02-06,19:58:53,-08:00,2025-02-06T19:58:53-08:00,0,0
projects/projects.js,13,js,861ac192,NyxNmE,2025-02-06,19:58:53,-08:00,2025-02-06T19:58:53-08:00,0,61
projects/projects.js,14,js,612cd156,NyxNmE,2025-02-06,20:50:43,-08:00,2025-02-06T20:50:43-08:00,0,62
projects/projects.js,15,js,612cd156,NyxNmE,2025-02-06,20:50:43,-08:00,2025-02-06T20:50:43-08:00,0,57
projects/projects.js,16,js,612cd156,NyxNmE,2025-02-06,20:50:43,-08:00,2025-02-06T20:50:43-08:00,0,50
projects/projects.js,17,js,861ac192,NyxNmE,2025-02-06,19:58:53,-08:00,2025-02-06T19:58:53-08:00,0,0
projects/projects.js,18,js,612cd156,NyxNmE,2025-02-06,20:50:43,-08:00,2025-02-06T20:50:43-08:00,0,0
projects/projects.js,19,js,612cd156,NyxNmE,2025-02-06,20:50:43,-08:00,2025-02-06T20:50:43-08:00,0,28
projects/projects.js,20,js,612cd156,NyxNmE,2025-02-06,20:50:43,-08:00,2025-02-06T20:50:43-08:00,0,36
projects/projects.js,21,js,917d2b9d,NyxNmE,2025-02-06,20:10:56,-08:00,2025-02-06T20:10:56-08:00,0,0
projects/projects.js,22,js,612cd156,NyxNmE,2025-02-06,20:50:43,-08:00,2025-02-06T20:50:43-08:00,0,49
projects/projects.js,23,js,b36596bc,NyxNmE,2025-02-06,20:36:17,-08:00,2025-02-06T20:36:17-08:00,0,0
projects/projects.js,24,js,612cd156,NyxNmE,2025-02-06,20:50:43,-08:00,2025-02-06T20:50:43-08:00,0,17
projects/projects.js,25,js,612cd156,NyxNmE,2025-02-06,20:50:43,-08:00,2025-02-06T20:50:43-08:00,0,0
projects/projects.js,26,js,b36596bc,NyxNmE,2025-02-06,20:36:17,-08:00,2025-02-06T20:36:17-08:00,0,0
projects/projects.js,27,js,612cd156,NyxNmE,2025-02-06,20:50:43,-08:00,2025-02-06T20:50:43-08:00,0,31
projects/projects.js,28,js,612cd156,NyxNmE,2025-02-06,20:50:43,-08:00,2025-02-06T20:50:43-08:00,0,43
projects/projects.js,29,js,612cd156,NyxNmE,2025-02-06,20:50:43,-08:00,2025-02-06T20:50:43-08:00,0,40
projects/projects.js,30,js,612cd156,NyxNmE,2025-02-06,20:50:43,-08:00,2025-02-06T20:50:43-08:00,0,63
projects/projects.js,31,js,612cd156,NyxNmE,2025-02-06,20:50:43,-08:00,2025-02-06T20:50:43-08:00,0,35
projects/projects.js,32,js,b36596bc,NyxNmE,2025-02-06,20:36:17,-08:00,2025-02-06T20:36:17-08:00,0,2
projects/projects.js,33,js,861ac192,NyxNmE,2025-02-06,19:58:53,-08:00,2025-02-06T19:58:53-08:00,0,0
projects/projects.js,34,js,b36596bc,NyxNmE,2025-02-06,20:36:17,-08:00,2025-02-06T20:36:17-08:00,0,0
projects/projects.js,35,js,612cd156,NyxNmE,2025-02-06,20:50:43,-08:00,2025-02-06T20:50:43-08:00,0,23
projects/projects.js,36,js,612cd156,NyxNmE,2025-02-06,20:50:43,-08:00,2025-02-06T20:50:43-08:00,0,11
projects/projects.js,37,js,612cd156,NyxNmE,2025-02-06,20:50:43,-08:00,2025-02-06T20:50:43-08:00,0,0
projects/projects.js,38,js,b36596bc,NyxNmE,2025-02-06,20:36:17,-08:00,2025-02-06T20:36:17-08:00,0,0
projects/projects.js,39,js,612cd156,NyxNmE,2025-02-06,20:50:43,-08:00,2025-02-06T20:50:43-08:00,0,57
projects/projects.js,40,js,612cd156,NyxNmE,2025-02-06,20:50:43,-08:00,2025-02-06T20:50:43-08:00,0,77
projects/projects.js,41,js,b36596bc,NyxNmE,2025-02-06,20:36:17,-08:00,2025-02-06T20:36:17-08:00,0,0
projects/projects.js,42,js,612cd156,NyxNmE,2025-02-06,20:50:43,-08:00,2025-02-06T20:50:43-08:00,0,38
projects/projects.js,43,js,612cd156,NyxNmE,2025-02-06,20:50:43,-08:00,2025-02-06T20:50:43-08:00,0,11
projects/projects.js,44,js,612cd156,NyxNmE,2025-02-06,20:50:43,-08:00,2025-02-06T20:50:43-08:00,0,0
projects/projects.js,45,js,612cd156,NyxNmE,2025-02-06,20:50:43,-08:00,2025-02-06T20:50:43-08:00,0,0
projects/projects.js,46,js,612cd156,NyxNmE,2025-02-06,20:50:43,-08:00,2025-02-06T20:50:43-08:00,0,48
projects/projects.js,47,js,612cd156,NyxNmE,2025-02-06,20:50:43,-08:00,2025-02-06T20:50:43-08:00,0,50
projects/projects.js,48,js,612cd156,NyxNmE,2025-02-06,20:50:43,-08:00,2025-02-06T20:50:43-08:00,0,0
projects/projects.js,49,js,b36596bc,NyxNmE,2025-02-06,20:36:17,-08:00,2025-02-06T20:36:17-08:00,0,0
projects/projects.js,50,js,612cd156,NyxNmE,2025-02-06,20:50:43,-08:00,2025-02-06T20:50:43-08:00,0,32
projects/projects.js,51,js,612cd156,NyxNmE,2025-02-06,20:50:43,-08:00,2025-02-06T20:50:43-08:00,0,30
projects/projects.js,52,js,b36596bc,NyxNmE,2025-02-06,20:36:17,-08:00,2025-02-06T20:36:17-08:00,0,31
projects/projects.js,53,js,b36596bc,NyxNmE,2025-02-06,20:36:17,-08:00,2025-02-06T20:36:17-08:00,0,0
projects/projects.js,54,js,612cd156,NyxNmE,2025-02-06,20:50:43,-08:00,2025-02-06T20:50:43-08:00,0,50
projects/projects.js,55,js,b36596bc,NyxNmE,2025-02-06,20:36:17,-08:00,2025-02-06T20:36:17-08:00,0,6
projects/projects.js,56,js,b36596bc,NyxNmE,2025-02-06,20:36:17,-08:00,2025-02-06T20:36:17-08:00,0,0
projects/projects.js,57,js,b36596bc,NyxNmE,2025-02-06,20:36:17,-08:00,2025-02-06T20:36:17-08:00,0,0
projects/projects.js,58,js,612cd156,NyxNmE,2025-02-06,20:50:43,-08:00,2025-02-06T20:50:43-08:00,0,27
projects/projects.js,59,js,612cd156,NyxNmE,2025-02-06,20:50:43,-08:00,2025-02-06T20:50:43-08:00,0,13
projects/projects.js,60,js,b36596bc,NyxNmE,2025-02-06,20:36:17,-08:00,2025-02-06T20:36:17-08:00,0,15
projects/projects.js,61,js,b36596bc,NyxNmE,2025-02-06,20:36:17,-08:00,2025-02-06T20:36:17-08:00,0,12
projects/projects.js,62,js,b36596bc,NyxNmE,2025-02-06,20:36:17,-08:00,2025-02-06T20:36:17-08:00,0,1
projects/projects.js,63,js,612cd156,NyxNmE,2025-02-06,20:50:43,-08:00,2025-02-06T20:50:43-08:00,0,46
projects/projects.js,64,js,612cd156,NyxNmE,2025-02-06,20:50:43,-08:00,2025-02-06T20:50:43-08:00,0,20
projects/projects.js,65,js,612cd156,NyxNmE,2025-02-06,20:50:43,-08:00,2025-02-06T20:50:43-08:00,0,11
projects/projects.js,66,js,612cd156,NyxNmE,2025-02-06,20:50:43,-08:00,2025-02-06T20:50:43-08:00,0,3
projects/projects.js,67,js,b36596bc,NyxNmE,2025-02-06,20:36:17,-08:00,2025-02-06T20:36:17-08:00,0,0
projects/projects.js,68,js,b36596bc,NyxNmE,2025-02-06,20:36:17,-08:00,2025-02-06T20:36:17-08:00,0,50
projects/projects.js,69,js,612cd156,NyxNmE,2025-02-06,20:50:43,-08:00,2025-02-06T20:50:43-08:00,0,54
projects/projects.js,70,js,612cd156,NyxNmE,2025-02-06,20:50:43,-08:00,2025-02-06T20:50:43-08:00,0,45
projects/projects.js,71,js,612cd156,NyxNmE,2025-02-06,20:50:43,-08:00,2025-02-06T20:50:43-08:00,0,28
projects/projects.js,72,js,b36596bc,NyxNmE,2025-02-06,20:36:17,-08:00,2025-02-06T20:36:17-08:00,0,0
projects/projects.js,73,js,b36596bc,NyxNmE,2025-02-06,20:36:17,-08:00,2025-02-06T20:36:17-08:00,0,20
projects/projects.js,74,js,b36596bc,NyxNmE,2025-02-06,20:36:17,-08:00,2025-02-06T20:36:17-08:00,0,13
projects/projects.js,75,js,b36596bc,NyxNmE,2025-02-06,20:36:17,-08:00,2025-02-06T20:36:17-08:00,0,7
projects/projects.js,76,js,b36596bc,NyxNmE,2025-02-06,20:36:17,-08:00,2025-02-06T20:36:17-08:00,0,14
projects/projects.js,77,js,612cd156,NyxNmE,2025-02-06,20:50:43,-08:00,2025-02-06T20:50:43-08:00,0,17
projects/projects.js,78,js,b36596bc,NyxNmE,2025-02-06,20:36:17,-08:00,2025-02-06T20:36:17-08:00,0,33
projects/projects.js,79,js,b36596bc,NyxNmE,2025-02-06,20:36:17,-08:00,2025-02-06T20:36:17-08:00,0,23
projects/projects.js,80,js,612cd156,NyxNmE,2025-02-06,20:50:43,-08:00,2025-02-06T20:50:43-08:00,0,27
projects/projects.js,81,js,612cd156,NyxNmE,2025-02-06,20:50:43,-08:00,2025-02-06T20:50:43-08:00,0,30
projects/projects.js,82,js,612cd156,NyxNmE,2025-02-06,20:50:43,-08:00,2025-02-06T20:50:43-08:00,0,42
projects/projects.js,83,js,612cd156,NyxNmE,2025-02-06,20:50:43,-08:00,2025-02-06T20:50:43-08:00,0,46
projects/projects.js,84,js,612cd156,NyxNmE,2025-02-06,20:50:43,-08:00,2025-02-06T20:50:43-08:00,0,18
projects/projects.js,85,js,612cd156,NyxNmE,2025-02-06,20:50:43,-08:00,2025-02-06T20:50:43-08:00,0,2
projects/projects.js,86,js,612cd156,NyxNmE,2025-02-06,20:50:43,-08:00,2025-02-06T20:50:43-08:00,0,0
projects/projects.js,87,js,612cd156,NyxNmE,2025-02-06,20:50:43,-08:00,2025-02-06T20:50:43-08:00,0,30
projects/projects.js,88,js,612cd156,NyxNmE,2025-02-06,20:50:43,-08:00,2025-02-06T20:50:43-08:00,0,13
projects/projects.js,89,js,612cd156,NyxNmE,2025-02-06,20:50:43,-08:00,2025-02-06T20:50:43-08:00,0,7
projects/projects.js,90,js,612cd156,NyxNmE,2025-02-06,20:50:43,-08:00,2025-02-06T20:50:43-08:00,0,12
projects/projects.js,91,js,612cd156,NyxNmE,2025-02-06,20:50:43,-08:00,2025-02-06T20:50:43-08:00,0,50
projects/projects.js,92,js,612cd156,NyxNmE,2025-02-06,20:50:43,-08:00,2025-02-06T20:50:43-08:00,0,16
projects/projects.js,93,js,612cd156,NyxNmE,2025-02-06,20:50:43,-08:00,2025-02-06T20:50:43-08:00,0,7
projects/projects.js,94,js,612cd156,NyxNmE,2025-02-06,20:50:43,-08:00,2025-02-06T20:50:43-08:00,0,74
projects/projects.js,95,js,612cd156,NyxNmE,2025-02-06,20:50:43,-08:00,2025-02-06T20:50:43-08:00,0,47
projects/projects.js,96,js,612cd156,NyxNmE,2025-02-06,20:50:43,-08:00,2025-02-06T20:50:43-08:00,0,1
projects/projects.js,97,js,612cd156,NyxNmE,2025-02-06,20:50:43,-08:00,2025-02-06T20:50:43-08:00,0,1
projects/projects.js,98,js,612cd156,NyxNmE,2025-02-06,20:50:43,-08:00,2025-02-06T20:50:43-08:00,0,30
projects/projects.js,99,js,612cd156,NyxNmE,2025-02-06,20:50:43,-08:00,2025-02-06T20:50:43-08:00,0,18
projects/projects.js,100,js,612cd156,NyxNmE,2025-02-06,20:50:43,-08:00,2025-02-06T20:50:43-08:00,0,46
projects/projects.js,101,js,612cd156,NyxNmE,2025-02-06,20:50:43,-08:00,2025-02-06T20:50:43-08:00,0,18
projects/projects.js,102,js,612cd156,NyxNmE,2025-02-06,20:50:43,-08:00,2025-02-06T20:50:43-08:00,0,2
projects/projects.js,103,js,612cd156,NyxNmE,2025-02-06,20:50:43,-08:00,2025-02-06T20:50:43-08:00,0,0
projects/projects.js,104,js,612cd156,NyxNmE,2025-02-06,20:50:43,-08:00,2025-02-06T20:50:43-08:00,0,0
projects/projects.js,105,js,612cd156,NyxNmE,2025-02-06,20:50:43,-08:00,2025-02-06T20:50:43-08:00,0,20
projects/projects.js,106,js,612cd156,NyxNmE,2025-02-06,20:50:43,-08:00,2025-02-06T20:50:43-08:00,0,63
projects/projects.js,107,js,612cd156,NyxNmE,2025-02-06,20:50:43,-08:00,2025-02-06T20:50:43-08:00,0,0
projects/projects.js,108,js,612cd156,NyxNmE,2025-02-06,20:50:43,-08:00,2025-02-06T20:50:43-08:00,0,21
projects/projects.js,109,js,612cd156,NyxNmE,2025-02-06,20:50:43,-08:00,2025-02-06T20:50:43-08:00,0,63
projects/projects.js,110,js,b36596bc,NyxNmE,2025-02-06,20:36:17,-08:00,2025-02-06T20:36:17-08:00,0,0
projects/projects.js,111,js,612cd156,NyxNmE,2025-02-06,20:50:43,-08:00,2025-02-06T20:50:43-08:00,0,0
projects/projects.js,112,js,612cd156,NyxNmE,2025-02-06,20:50:43,-08:00,2025-02-06T20:50:43-08:00,0,0
projects/projects.js,113,js,612cd156,NyxNmE,2025-02-06,20:50:43,-08:00,2025-02-06T20:50:43-08:00,0,44
projects/projects.js,114,js,612cd156,NyxNmE,2025-02-06,20:50:43,-08:00,2025-02-06T20:50:43-08:00,0,0
projects/projects.js,115,js,612cd156,NyxNmE,2025-02-06,20:50:43,-08:00,2025-02-06T20:50:43-08:00,0,18
projects/projects.js,116,js,612cd156,NyxNmE,2025-02-06,20:50:43,-08:00,2025-02-06T20:50:43-08:00,0,2
projects/projects.js,117,js,612cd156,NyxNmE,2025-02-06,20:50:43,-08:00,2025-02-06T20:50:43-08:00,0,0
projects/projects.js,118,js,612cd156,NyxNmE,2025-02-06,20:50:43,-08:00,2025-02-06T20:50:43-08:00,0,0
projects/projects.js,119,js,612cd156,NyxNmE,2025-02-06,20:50:43,-08:00,2025-02-06T20:50:43-08:00,0,18
projects/projects.js,120,js,917d2b9d,NyxNmE,2025-02-06,20:10:56,-08:00,2025-02-06T20:10:56-08:00,0,4
projects/index.html,1,html,5669348e,NyxNmE,2025-01-24,13:36:04,-08:00,2025-01-24T13:36:04-08:00,0,14
projects/index.html,2,html,5669348e,NyxNmE,2025-01-24,13:36:04,-08:00,2025-01-24T13:36:04-08:00,0,15
projects/index.html,3,html,5669348e,NyxNmE,2025-01-24,13:36:04,-08:00,2025-01-24T13:36:04-08:00,0,5
projects/index.html,4,html,77cfcba0,NyxNmE,2025-01-31,22:59:56,-08:00,2025-01-31T22:59:56-08:00,0,23
projects/index.html,5,html,77cfcba0,NyxNmE,2025-01-31,22:59:56,-08:00,2025-01-31T22:59:56-08:00,0,70
projects/index.html,6,html,57d21fa6,NyxNmE,2025-01-26,09:45:02,-08:00,2025-01-26T09:45:02-08:00,0,34
projects/index.html,7,html,77cfcba0,NyxNmE,2025-01-31,22:59:56,-08:00,2025-01-31T22:59:56-08:00,0,44
projects/index.html,8,html,5669348e,NyxNmE,2025-01-24,13:36:04,-08:00,2025-01-24T13:36:04-08:00,0,6
projects/index.html,9,html,2644ba4f,NyxNmE,2025-01-30,17:22:45,-08:00,2025-01-30T17:22:45-08:00,0,5
projects/index.html,10,html,9ac57850,NyxNmE,2025-01-26,16:15:32,-08:00,2025-01-26T16:15:32-08:00,0,0
projects/index.html,11,html,2246b03e,NyxNmE,2025-01-30,17:41:03,-08:00,2025-01-30T17:41:03-08:00,0,39
projects/index.html,12,html,77cfcba0,NyxNmE,2025-01-31,22:59:56,-08:00,2025-01-31T22:59:56-08:00,0,51
projects/index.html,13,html,3cef71c5,NyxNmE,2025-01-24,18:47:00,-08:00,2025-01-24T18:47:00-08:00,0,0
projects/index.html,14,html,b36596bc,NyxNmE,2025-02-06,20:36:17,-08:00,2025-02-06T20:36:17-08:00,0,5
projects/index.html,15,html,b36596bc,NyxNmE,2025-02-06,20:36:17,-08:00,2025-02-06T20:36:17-08:00,0,16
projects/index.html,16,html,b36596bc,NyxNmE,2025-02-06,20:36:17,-08:00,2025-02-06T20:36:17-08:00,0,12
projects/index.html,17,html,b36596bc,NyxNmE,2025-02-06,20:36:17,-08:00,2025-02-06T20:36:17-08:00,0,32
projects/index.html,18,html,b36596bc,NyxNmE,2025-02-06,20:36:17,-08:00,2025-02-06T20:36:17-08:00,0,27
projects/index.html,19,html,b36596bc,NyxNmE,2025-02-06,20:36:17,-08:00,2025-02-06T20:36:17-08:00,0,1
projects/index.html,20,html,b36596bc,NyxNmE,2025-02-06,20:36:17,-08:00,2025-02-06T20:36:17-08:00,0,0
projects/index.html,21,html,39073911,NyxNmE,2025-02-06,18:56:14,-08:00,2025-02-06T18:56:14-08:00,0,26
projects/index.html,22,html,39073911,NyxNmE,2025-02-06,18:56:14,-08:00,2025-02-06T18:56:14-08:00,0,59
projects/index.html,23,html,39073911,NyxNmE,2025-02-06,18:56:14,-08:00,2025-02-06T18:56:14-08:00,0,27
projects/index.html,24,html,39073911,NyxNmE,2025-02-06,18:56:14,-08:00,2025-02-06T18:56:14-08:00,0,5
projects/index.html,25,html,d989eee1,NyxNmE,2025-02-06,17:42:29,-08:00,2025-02-06T17:42:29-08:00,0,0
projects/index.html,26,html,9b57d8ae,NyxNmE,2025-01-30,17:04:35,-08:00,2025-01-30T17:04:35-08:00,0,27
projects/index.html,27,html,3cef71c5,NyxNmE,2025-01-24,18:47:00,-08:00,2025-01-24T18:47:00-08:00,0,0
projects/index.html,28,html,b15187f6,NyxNmE,2025-01-30,17:30:36,-08:00,2025-01-30T17:30:36-08:00,0,49
projects/index.html,29,html,b15187f6,NyxNmE,2025-01-30,17:30:36,-08:00,2025-01-30T17:30:36-08:00,0,48
projects/index.html,30,html,2644ba4f,NyxNmE,2025-01-30,17:22:45,-08:00,2025-01-30T17:22:45-08:00,0,0
projects/index.html,31,html,f50a533b,NyxNmE,2025-01-24,13:33:37,-08:00,2025-01-24T13:33:37-08:00,0,6
projects/index.html,32,html,28701042,NyxNmE,2025-02-06,20:25:10,-08:00,2025-02-06T20:25:10-08:00,0,6
contact/index.html,1,html,5669348e,NyxNmE,2025-01-24,13:36:04,-08:00,2025-01-24T13:36:04-08:00,0,14
contact/index.html,2,html,5669348e,NyxNmE,2025-01-24,13:36:04,-08:00,2025-01-24T13:36:04-08:00,0,15
contact/index.html,3,html,5669348e,NyxNmE,2025-01-24,13:36:04,-08:00,2025-01-24T13:36:04-08:00,0,5
contact/index.html,4,html,77cfcba0,NyxNmE,2025-01-31,22:59:56,-08:00,2025-01-31T22:59:56-08:00,0,23
contact/index.html,5,html,77cfcba0,NyxNmE,2025-01-31,22:59:56,-08:00,2025-01-31T22:59:56-08:00,0,70
contact/index.html,6,html,fafbca78,NyxNmE,2025-01-26,09:31:37,-08:00,2025-01-26T09:31:37-08:00,0,33
contact/index.html,7,html,77cfcba0,NyxNmE,2025-01-31,22:59:56,-08:00,2025-01-31T22:59:56-08:00,0,44
contact/index.html,8,html,5669348e,NyxNmE,2025-01-24,13:36:04,-08:00,2025-01-24T13:36:04-08:00,0,6
contact/index.html,9,html,5669348e,NyxNmE,2025-01-24,13:36:04,-08:00,2025-01-24T13:36:04-08:00,0,5
contact/index.html,10,html,5669348e,NyxNmE,2025-01-24,13:36:04,-08:00,2025-01-24T13:36:04-08:00,0,0
contact/index.html,11,html,fafbca78,NyxNmE,2025-01-26,09:31:37,-08:00,2025-01-26T09:31:37-08:00,0,18
contact/index.html,12,html,fafbca78,NyxNmE,2025-01-26,09:31:37,-08:00,2025-01-26T09:31:37-08:00,0,75
contact/index.html,13,html,77b1dfe8,NyxNmE,2025-01-24,13:26:12,-08:00,2025-01-24T13:26:12-08:00,0,0
contact/index.html,14,html,fafbca78,NyxNmE,2025-01-26,09:31:37,-08:00,2025-01-26T09:31:37-08:00,0,79
contact/index.html,15,html,fafbca78,NyxNmE,2025-01-26,09:31:37,-08:00,2025-01-26T09:31:37-08:00,0,37
contact/index.html,16,html,77cfcba0,NyxNmE,2025-01-31,22:59:56,-08:00,2025-01-31T22:59:56-08:00,0,54
contact/index.html,17,html,fafbca78,NyxNmE,2025-01-26,09:31:37,-08:00,2025-01-26T09:31:37-08:00,0,0
contact/index.html,18,html,fafbca78,NyxNmE,2025-01-26,09:31:37,-08:00,2025-01-26T09:31:37-08:00,0,36
contact/index.html,19,html,77cfcba0,NyxNmE,2025-01-31,22:59:56,-08:00,2025-01-31T22:59:56-08:00,0,57
contact/index.html,20,html,fafbca78,NyxNmE,2025-01-26,09:31:37,-08:00,2025-01-26T09:31:37-08:00,0,0
contact/index.html,21,html,fafbca78,NyxNmE,2025-01-26,09:31:37,-08:00,2025-01-26T09:31:37-08:00,0,33
contact/index.html,22,html,fafbca78,NyxNmE,2025-01-26,09:31:37,-08:00,2025-01-26T09:31:37-08:00,0,60
contact/index.html,23,html,fafbca78,NyxNmE,2025-01-26,09:31:37,-08:00,2025-01-26T09:31:37-08:00,0,0
contact/index.html,24,html,fafbca78,NyxNmE,2025-01-26,09:31:37,-08:00,2025-01-26T09:31:37-08:00,0,28
contact/index.html,25,html,fafbca78,NyxNmE,2025-01-26,09:31:37,-08:00,2025-01-26T09:31:37-08:00,0,6
contact/index.html,26,html,77b1dfe8,NyxNmE,2025-01-24,13:26:12,-08:00,2025-01-24T13:26:12-08:00,0,0
contact/index.html,27,html,fafbca78,NyxNmE,2025-01-26,09:31:37,-08:00,2025-01-26T09:31:37-08:00,0,49
contact/index.html,28,html,77b1dfe8,NyxNmE,2025-01-24,13:26:12,-08:00,2025-01-24T13:26:12-08:00,0,6
contact/index.html,29,html,77cfcba0,NyxNmE,2025-01-31,22:59:56,-08:00,2025-01-31T22:59:56-08:00,0,6
